/*
 Navicat MySQL Data Transfer

 Source Server         : localhost_3306
 Source Server Type    : MySQL
 Source Server Version : 80031 (8.0.31)
 Source Host           : localhost:3306
 Source Schema         : zshxtxxpt

 Target Server Type    : MySQL
 Target Server Version : 80031 (8.0.31)
 File Encoding         : 65001

 Date: 15/12/2022 00:33:26
*/

SET NAMES utf8mb4;
SET FOREIGN_KEY_CHECKS = 0;

-- ----------------------------
-- Table structure for admins
-- ----------------------------
DROP TABLE IF EXISTS `admins`;
CREATE TABLE `admins`  (
  `id` int UNSIGNED NOT NULL AUTO_INCREMENT,
  `zhanghao` varchar(80) CHARACTER SET utf8mb3 COLLATE utf8mb3_general_ci NOT NULL COMMENT '账号',
  `mima` varchar(80) CHARACTER SET utf8mb3 COLLATE utf8mb3_general_ci NOT NULL COMMENT '密码',
  PRIMARY KEY (`id`) USING BTREE
) ENGINE = InnoDB AUTO_INCREMENT = 2 CHARACTER SET = utf8mb3 COLLATE = utf8mb3_general_ci COMMENT = '管理员' ROW_FORMAT = Dynamic;

-- ----------------------------
-- Records of admins
-- ----------------------------
INSERT INTO `admins` VALUES (1, 'admin', 'admin');

-- ----------------------------
-- Table structure for lianxiti
-- ----------------------------
DROP TABLE IF EXISTS `lianxiti`;
CREATE TABLE `lianxiti`  (
  `id` int UNSIGNED NOT NULL AUTO_INCREMENT,
  `xuexiid` int NOT NULL COMMENT '学习id',
  `xuexibianhao` varchar(80) CHARACTER SET utf8mb3 COLLATE utf8mb3_general_ci NOT NULL COMMENT '学习编号',
  `xueximingchen` varchar(255) CHARACTER SET utf8mb3 COLLATE utf8mb3_general_ci NOT NULL COMMENT '学习名称',
  `suoshuzhangjie` int UNSIGNED NOT NULL COMMENT '所属章节',
  `lianxitimu` text CHARACTER SET utf8mb3 COLLATE utf8mb3_general_ci NOT NULL COMMENT '练习题目',
  `leixing` text CHARACTER SET utf8mb3 COLLATE utf8mb3_general_ci NOT NULL COMMENT '类型',
  `zhengquedaan` varchar(255) CHARACTER SET utf8mb3 COLLATE utf8mb3_general_ci NOT NULL COMMENT '正确答案',
  `daan` text CHARACTER SET utf8mb3 COLLATE utf8mb3_general_ci NOT NULL COMMENT '答案',
  PRIMARY KEY (`id`) USING BTREE,
  INDEX `lianxiti_xuexiid_index`(`xuexiid` ASC) USING BTREE,
  INDEX `lianxiti_suoshuzhangjie_index`(`suoshuzhangjie` ASC) USING BTREE
) ENGINE = InnoDB AUTO_INCREMENT = 18 CHARACTER SET = utf8mb3 COLLATE = utf8mb3_general_ci COMMENT = '练习题' ROW_FORMAT = Dynamic;

-- ----------------------------
-- Records of lianxiti
-- ----------------------------
INSERT INTO `lianxiti` VALUES (15, 4, '12141238177129', 'Java 第一章', 5, '1+1=?', '填空题', '2', '[]');
INSERT INTO `lianxiti` VALUES (16, 4, '12141238177129', 'Java 第一章', 5, '111+11', '单选题', '1', '[{\"zimu\":\"A\",\"title\":\"1\",\"point\":\"11\"},{\"zimu\":\"B\",\"title\":\"2\",\"point\":\"0\"},{\"zimu\":\"C\",\"title\":\"3\",\"point\":\"0\"}]');
INSERT INTO `lianxiti` VALUES (17, 4, '12141238177129', 'Java 第一章', 5, '112*2', '多选题', '11', '[{\"zimu\":\"A\",\"title\":\"22\",\"point\":\"11\"},{\"zimu\":\"B\",\"title\":\"2\",\"point\":\"10\"},{\"zimu\":\"C\",\"title\":\"11\",\"point\":\"0\"}]');

-- ----------------------------
-- Table structure for xuesheng
-- ----------------------------
DROP TABLE IF EXISTS `xuesheng`;
CREATE TABLE `xuesheng`  (
  `id` int UNSIGNED NOT NULL AUTO_INCREMENT,
  `xuehao` varchar(80) CHARACTER SET utf8mb3 COLLATE utf8mb3_general_ci NOT NULL COMMENT '学号',
  `mima` varchar(80) CHARACTER SET utf8mb3 COLLATE utf8mb3_general_ci NOT NULL COMMENT '密码',
  `xingming` varchar(80) CHARACTER SET utf8mb3 COLLATE utf8mb3_general_ci NOT NULL COMMENT '姓名',
  `xingbie` text CHARACTER SET utf8mb3 COLLATE utf8mb3_general_ci NOT NULL COMMENT '性别',
  PRIMARY KEY (`id`) USING BTREE
) ENGINE = InnoDB AUTO_INCREMENT = 3 CHARACTER SET = utf8mb3 COLLATE = utf8mb3_general_ci COMMENT = '学生' ROW_FORMAT = Dynamic;

-- ----------------------------
-- Records of xuesheng
-- ----------------------------
INSERT INTO `xuesheng` VALUES (1, '001', '001', '郑焯文', '男');
INSERT INTO `xuesheng` VALUES (2, '002', '002', '江原由道', '男');

-- ----------------------------
-- Table structure for xuexi
-- ----------------------------
DROP TABLE IF EXISTS `xuexi`;
CREATE TABLE `xuexi`  (
  `id` int UNSIGNED NOT NULL AUTO_INCREMENT,
  `xuexibianhao` varchar(80) CHARACTER SET utf8mb3 COLLATE utf8mb3_general_ci NOT NULL COMMENT '学习编号',
  `xueximingchen` varchar(255) CHARACTER SET utf8mb3 COLLATE utf8mb3_general_ci NOT NULL COMMENT '学习名称',
  `xuexishichang` int NOT NULL COMMENT '学习时长',
  `xuexijieshao` longtext CHARACTER SET utf8mb3 COLLATE utf8mb3_general_ci NOT NULL COMMENT '学习介绍',
  `tianjiashijian` timestamp NOT NULL DEFAULT CURRENT_TIMESTAMP COMMENT '添加时间',
  PRIMARY KEY (`id`) USING BTREE
) ENGINE = InnoDB AUTO_INCREMENT = 5 CHARACTER SET = utf8mb3 COLLATE = utf8mb3_general_ci COMMENT = '学习' ROW_FORMAT = Dynamic;

-- ----------------------------
-- Records of xuexi
-- ----------------------------
INSERT INTO `xuexi` VALUES (4, '12141238177129', 'Java 第一章', 5, '', '2022-12-14 12:38:27');

-- ----------------------------
-- Table structure for xuexidefen
-- ----------------------------
DROP TABLE IF EXISTS `xuexidefen`;
CREATE TABLE `xuexidefen`  (
  `id` int UNSIGNED NOT NULL AUTO_INCREMENT,
  `xuexiid` int NOT NULL COMMENT '学习id',
  `xuexibianhao` varchar(80) CHARACTER SET utf8mb3 COLLATE utf8mb3_general_ci NOT NULL COMMENT '学习编号',
  `xueximingchen` varchar(255) CHARACTER SET utf8mb3 COLLATE utf8mb3_general_ci NOT NULL COMMENT '学习名称',
  `datibianhao` varchar(80) CHARACTER SET utf8mb3 COLLATE utf8mb3_general_ci NOT NULL COMMENT '答题编号',
  `danxuantidefen` decimal(10, 2) NOT NULL COMMENT '单选题得分',
  `duoxuantidefen` decimal(10, 2) NOT NULL COMMENT '多选题得分',
  `zongdefen` decimal(10, 2) NOT NULL COMMENT '总得分',
  `datiren` varchar(50) CHARACTER SET utf8mb3 COLLATE utf8mb3_general_ci NOT NULL COMMENT '答题人',
  `xuexishijian` varchar(80) CHARACTER SET utf8mb3 COLLATE utf8mb3_general_ci NOT NULL COMMENT '学习时间',
  `tiankongtidefen` decimal(10, 2) NULL DEFAULT NULL COMMENT '填空题得分',
  `wanchengzhuangkuang` text CHARACTER SET utf8mb3 COLLATE utf8mb3_general_ci NOT NULL COMMENT '完成状况',
  PRIMARY KEY (`id`) USING BTREE,
  INDEX `xuexidefen_xuexiid_index`(`xuexiid` ASC) USING BTREE
) ENGINE = InnoDB AUTO_INCREMENT = 28 CHARACTER SET = utf8mb3 COLLATE = utf8mb3_general_ci COMMENT = '学习得分' ROW_FORMAT = Dynamic;

-- ----------------------------
-- Records of xuexidefen
-- ----------------------------
INSERT INTO `xuexidefen` VALUES (13, 2, '12132233033750', '高等物理模拟试题', '12140114012073', 10.00, 40.00, 50.00, '001', '13', NULL, '不及格，推荐您浏览一下章节知识');
INSERT INTO `xuexidefen` VALUES (14, 1, '12132232464134', '高等数学模拟试题', '12140123562776', 40.00, 20.00, 60.00, '002', '42', NULL, '及格,推荐您纠正错题');
INSERT INTO `xuexidefen` VALUES (15, 3, '12140120111860', '高阶化学练习题', '12140125041588', 0.00, 0.00, 0.00, '002', '8', NULL, '不及格，推荐您浏览一下章节知识');
INSERT INTO `xuexidefen` VALUES (16, 4, '12141238177129', 'Java 第一章', '12141242551218', 2.00, 0.00, 2.00, 'admin', '7', NULL, '不及格，推荐您浏览一下章节知识');
INSERT INTO `xuexidefen` VALUES (17, 4, '12141238177129', 'Java 第一章', '12141243341340', 100.00, 0.00, 100.00, 'admin', '7', NULL, '及格,推荐您纠正错题');
INSERT INTO `xuexidefen` VALUES (18, 4, '12141238177129', 'Java 第一章', '12141246107895', 100.00, 0.00, 100.00, 'admin', '2', NULL, '及格,推荐您纠正错题');
INSERT INTO `xuexidefen` VALUES (19, 4, '12141238177129', 'Java 第一章', '12141251095390', 100.00, 0.00, 100.00, 'admin', '301', NULL, '及格,推荐您纠正错题');
INSERT INTO `xuexidefen` VALUES (20, 4, '12141238177129', 'Java 第一章', '12141419372141', 100.00, 0.00, 100.00, 'admin', '2', NULL, '及格,推荐您纠正错题');
INSERT INTO `xuexidefen` VALUES (21, 4, '12141238177129', 'Java 第一章', '12141914358514', 0.00, 0.00, 0.00, 'admin', '300', NULL, '不及格，推荐您浏览一下章节知识');
INSERT INTO `xuexidefen` VALUES (22, 4, '12141238177129', 'Java 第一章', '12142003391761', 100.00, 0.00, 100.00, 'admin', '2', NULL, '及格,推荐您纠正错题');
INSERT INTO `xuexidefen` VALUES (23, 4, '12141238177129', 'Java 第一章', '12150028061946', 100.00, 0.00, 100.00, 'admin', '7', 0.00, '及格,推荐您纠正错题');
INSERT INTO `xuexidefen` VALUES (24, 4, '12141238177129', 'Java 第一章', '12150030148029', 0.00, 0.00, 0.00, 'admin', '3', 0.00, '不及格，推荐您浏览一下章节知识');
INSERT INTO `xuexidefen` VALUES (25, 4, '12141238177129', 'Java 第一章', '12150031421919', 11.00, 21.00, 32.00, 'admin', '12', 0.00, '不及格，推荐您浏览一下章节知识');
INSERT INTO `xuexidefen` VALUES (26, 4, '12141238177129', 'Java 第一章', '12150032021365', 0.00, 0.00, 0.00, 'admin', '9', 0.00, '不及格，推荐您浏览一下章节知识');
INSERT INTO `xuexidefen` VALUES (27, 4, '12141238177129', 'Java 第一章', '12150032032082', 0.00, 0.00, 0.00, 'admin', '10', 0.00, '不及格，推荐您浏览一下章节知识');

-- ----------------------------
-- Table structure for xuexiguochengcuoti
-- ----------------------------
DROP TABLE IF EXISTS `xuexiguochengcuoti`;
CREATE TABLE `xuexiguochengcuoti`  (
  `id` int UNSIGNED NOT NULL AUTO_INCREMENT,
  `lianxitiid` int NOT NULL COMMENT '练习题id',
  `xuexibianhao` varchar(80) CHARACTER SET utf8mb3 COLLATE utf8mb3_general_ci NOT NULL COMMENT '学习编号',
  `xueximingchen` varchar(255) CHARACTER SET utf8mb3 COLLATE utf8mb3_general_ci NOT NULL COMMENT '学习名称',
  `lianxitimu` text CHARACTER SET utf8mb3 COLLATE utf8mb3_general_ci NOT NULL COMMENT '练习题目',
  `leixing` text CHARACTER SET utf8mb3 COLLATE utf8mb3_general_ci NOT NULL COMMENT '类型',
  `suoshuzhangjie` int UNSIGNED NOT NULL COMMENT '所属章节',
  `datibianhao` varchar(80) CHARACTER SET utf8mb3 COLLATE utf8mb3_general_ci NOT NULL COMMENT '答题编号',
  `daan` text CHARACTER SET utf8mb3 COLLATE utf8mb3_general_ci NOT NULL COMMENT '答案',
  `zimu` text CHARACTER SET utf8mb3 COLLATE utf8mb3_general_ci NOT NULL COMMENT '字母',
  `zhengquedaan` text CHARACTER SET utf8mb3 COLLATE utf8mb3_general_ci NOT NULL COMMENT '正确答案',
  `datiren` varchar(50) CHARACTER SET utf8mb3 COLLATE utf8mb3_general_ci NOT NULL COMMENT '答题人',
  PRIMARY KEY (`id`) USING BTREE,
  INDEX `xuexiguochengcuoti_lianxitiid_index`(`lianxitiid` ASC) USING BTREE,
  INDEX `xuexiguochengcuoti_suoshuzhangjie_index`(`suoshuzhangjie` ASC) USING BTREE
) ENGINE = InnoDB AUTO_INCREMENT = 19 CHARACTER SET = utf8mb3 COLLATE = utf8mb3_general_ci COMMENT = '学习过程错题' ROW_FORMAT = Dynamic;

-- ----------------------------
-- Records of xuexiguochengcuoti
-- ----------------------------
INSERT INTO `xuexiguochengcuoti` VALUES (15, 16, '12141238177129', 'Java 第一章', '111+11', '单选题', 5, '12150032021365', 'C、3', 'C', '1', 'admin');
INSERT INTO `xuexiguochengcuoti` VALUES (16, 17, '12141238177129', 'Java 第一章', '112*2', '多选题', 5, '12150032021365', 'C、11', 'C', '11', 'admin');
INSERT INTO `xuexiguochengcuoti` VALUES (17, 16, '12141238177129', 'Java 第一章', '111+11', '单选题', 5, '12150032032082', 'C、3', 'C', '1', 'admin');
INSERT INTO `xuexiguochengcuoti` VALUES (18, 17, '12141238177129', 'Java 第一章', '112*2', '多选题', 5, '12150032032082', 'C、11', 'C', '11', 'admin');

-- ----------------------------
-- Table structure for xuexiguochengjilu
-- ----------------------------
DROP TABLE IF EXISTS `xuexiguochengjilu`;
CREATE TABLE `xuexiguochengjilu`  (
  `id` int UNSIGNED NOT NULL AUTO_INCREMENT,
  `lianxitiid` int NOT NULL COMMENT '练习题id',
  `xuexibianhao` varchar(80) CHARACTER SET utf8mb3 COLLATE utf8mb3_general_ci NOT NULL COMMENT '学习编号',
  `xueximingchen` varchar(255) CHARACTER SET utf8mb3 COLLATE utf8mb3_general_ci NOT NULL COMMENT '学习名称',
  `lianxitimu` text CHARACTER SET utf8mb3 COLLATE utf8mb3_general_ci NOT NULL COMMENT '练习题目',
  `leixing` text CHARACTER SET utf8mb3 COLLATE utf8mb3_general_ci NOT NULL COMMENT '类型',
  `suoshuzhangjie` int UNSIGNED NOT NULL COMMENT '所属章节',
  `datibianhao` varchar(80) CHARACTER SET utf8mb3 COLLATE utf8mb3_general_ci NOT NULL COMMENT '答题编号',
  `daan` text CHARACTER SET utf8mb3 COLLATE utf8mb3_general_ci NOT NULL COMMENT '答案',
  `defen` decimal(10, 2) NOT NULL COMMENT '得分',
  `zimu` varchar(80) CHARACTER SET utf8mb3 COLLATE utf8mb3_general_ci NOT NULL COMMENT '字母',
  `datiren` varchar(50) CHARACTER SET utf8mb3 COLLATE utf8mb3_general_ci NOT NULL COMMENT '答题人',
  PRIMARY KEY (`id`) USING BTREE,
  INDEX `xuexiguochengjilu_lianxitiid_index`(`lianxitiid` ASC) USING BTREE,
  INDEX `xuexiguochengjilu_suoshuzhangjie_index`(`suoshuzhangjie` ASC) USING BTREE
) ENGINE = InnoDB AUTO_INCREMENT = 48 CHARACTER SET = utf8mb3 COLLATE = utf8mb3_general_ci COMMENT = '学习过程记录' ROW_FORMAT = Dynamic;

-- ----------------------------
-- Records of xuexiguochengjilu
-- ----------------------------
INSERT INTO `xuexiguochengjilu` VALUES (38, 15, '12141238177129', 'Java 第一章', '1+1=?', '填空题', 5, '12150030148029', '2', -1.00, '', 'admin');
INSERT INTO `xuexiguochengjilu` VALUES (39, 16, '12141238177129', 'Java 第一章', '111+11', '单选题', 5, '12150031421919', 'A、1', 11.00, 'A', 'admin');
INSERT INTO `xuexiguochengjilu` VALUES (40, 17, '12141238177129', 'Java 第一章', '112*2', '多选题', 5, '12150031421919', 'A、22,B、2', 21.00, 'A,B', 'admin');
INSERT INTO `xuexiguochengjilu` VALUES (41, 15, '12141238177129', 'Java 第一章', '1+1=?', '填空题', 5, '12150031421919', 'cs测试', -1.00, '', 'admin');
INSERT INTO `xuexiguochengjilu` VALUES (42, 16, '12141238177129', 'Java 第一章', '111+11', '单选题', 5, '12150032021365', 'C、3', 0.00, 'C', 'admin');
INSERT INTO `xuexiguochengjilu` VALUES (43, 17, '12141238177129', 'Java 第一章', '112*2', '多选题', 5, '12150032021365', 'C、11', 0.00, 'C', 'admin');
INSERT INTO `xuexiguochengjilu` VALUES (44, 15, '12141238177129', 'Java 第一章', '1+1=?', '填空题', 5, '12150032021365', '测试', -1.00, '', 'admin');
INSERT INTO `xuexiguochengjilu` VALUES (45, 16, '12141238177129', 'Java 第一章', '111+11', '单选题', 5, '12150032032082', 'C、3', 0.00, 'C', 'admin');
INSERT INTO `xuexiguochengjilu` VALUES (46, 17, '12141238177129', 'Java 第一章', '112*2', '多选题', 5, '12150032032082', 'C、11', 0.00, 'C', 'admin');
INSERT INTO `xuexiguochengjilu` VALUES (47, 15, '12141238177129', 'Java 第一章', '1+1=?', '填空题', 5, '12150032032082', '测试', -1.00, '', 'admin');

-- ----------------------------
-- Table structure for zhangjie
-- ----------------------------
DROP TABLE IF EXISTS `zhangjie`;
CREATE TABLE `zhangjie`  (
  `id` int UNSIGNED NOT NULL AUTO_INCREMENT,
  `zhangjiemingchen` varchar(80) CHARACTER SET utf8mb3 COLLATE utf8mb3_general_ci NOT NULL COMMENT '章节名称',
  PRIMARY KEY (`id`) USING BTREE
) ENGINE = InnoDB AUTO_INCREMENT = 6 CHARACTER SET = utf8mb3 COLLATE = utf8mb3_general_ci COMMENT = '章节' ROW_FORMAT = Dynamic;

-- ----------------------------
-- Records of zhangjie
-- ----------------------------
INSERT INTO `zhangjie` VALUES (5, 'Java基础教程');

-- ----------------------------
-- Table structure for zhishi
-- ----------------------------
DROP TABLE IF EXISTS `zhishi`;
CREATE TABLE `zhishi`  (
  `id` int UNSIGNED NOT NULL AUTO_INCREMENT,
  `zhishibiaoti` varchar(255) CHARACTER SET utf8mb3 COLLATE utf8mb3_general_ci NOT NULL COMMENT '知识标题',
  `tupian` varchar(255) CHARACTER SET utf8mb3 COLLATE utf8mb3_general_ci NOT NULL COMMENT '图片',
  `suoshuzhangjie` int UNSIGNED NOT NULL COMMENT '所属章节',
  `zhishineirong` longtext CHARACTER SET utf8mb3 COLLATE utf8mb3_general_ci NOT NULL COMMENT '知识内容',
  `tianjiashijian` timestamp NOT NULL DEFAULT CURRENT_TIMESTAMP COMMENT '添加时间',
  PRIMARY KEY (`id`) USING BTREE,
  INDEX `zhishi_suoshuzhangjie_index`(`suoshuzhangjie` ASC) USING BTREE
) ENGINE = InnoDB AUTO_INCREMENT = 11 CHARACTER SET = utf8mb3 COLLATE = utf8mb3_general_ci COMMENT = '知识' ROW_FORMAT = Dynamic;

-- ----------------------------
-- Records of zhishi
-- ----------------------------
INSERT INTO `zhishi` VALUES (8, 'Java简介', 'upload/1671019742972.png', 5, '<h1 style=\"border: 0px; margin-top: 0px; margin-bottom: 10px; padding: 0px; font-size: 2.1em; color: rgb(0, 0, 0); font-family: &quot;Helvetica Neue&quot;, Helvetica, &quot;PingFang SC&quot;, &quot;Hiragino Sans GB&quot;, &quot;Microsoft YaHei&quot;, &quot;Noto Sans CJK SC&quot;, &quot;WenQuanYi Micro Hei&quot;, Arial, sans-serif; white-space: normal;\">Java 简介</h1><p style=\"border: 0px; margin-top: 0px; margin-bottom: 0px; padding: 0px; line-height: 2em; overflow-wrap: break-word; word-break: break-all; font-size: 13px; font-family: &quot;Helvetica Neue&quot;, Helvetica, &quot;PingFang SC&quot;, &quot;Hiragino Sans GB&quot;, &quot;Microsoft YaHei&quot;, &quot;Noto Sans CJK SC&quot;, &quot;WenQuanYi Micro Hei&quot;, Arial, sans-serif; color: rgb(51, 51, 51); white-space: normal;\">Java 是由 Sun Microsystems 公司于 1995 年 5 月推出的 Java 面向对象程序设计语言和 Java 平台的总称。由 James Gosling和同事们共同研发，并在 1995 年正式推出。</p><p style=\"border: 0px; margin-top: 0px; margin-bottom: 0px; padding: 0px; line-height: 2em; overflow-wrap: break-word; word-break: break-all; font-size: 13px; font-family: &quot;Helvetica Neue&quot;, Helvetica, &quot;PingFang SC&quot;, &quot;Hiragino Sans GB&quot;, &quot;Microsoft YaHei&quot;, &quot;Noto Sans CJK SC&quot;, &quot;WenQuanYi Micro Hei&quot;, Arial, sans-serif; color: rgb(51, 51, 51); white-space: normal;\">后来 Sun 公司被 Oracle （甲骨文）公司收购，Java 也随之成为 Oracle 公司的产品。</p><p style=\"border: 0px; margin-top: 0px; margin-bottom: 0px; padding: 0px; line-height: 2em; overflow-wrap: break-word; word-break: break-all; font-size: 13px; font-family: &quot;Helvetica Neue&quot;, Helvetica, &quot;PingFang SC&quot;, &quot;Hiragino Sans GB&quot;, &quot;Microsoft YaHei&quot;, &quot;Noto Sans CJK SC&quot;, &quot;WenQuanYi Micro Hei&quot;, Arial, sans-serif; color: rgb(51, 51, 51); white-space: normal;\">Java分为三个体系：</p><ul style=\"border: 0px; margin-top: 1em; margin-bottom: 1em; line-height: 16.8px; color: rgb(51, 51, 51); font-family: &quot;Helvetica Neue&quot;, Helvetica, &quot;PingFang SC&quot;, &quot;Hiragino Sans GB&quot;, &quot;Microsoft YaHei&quot;, &quot;Noto Sans CJK SC&quot;, &quot;WenQuanYi Micro Hei&quot;, Arial, sans-serif; font-size: 12px; white-space: normal;\"><li style=\"border: 0px; margin-bottom: 1em; margin-left: 1em; padding-left: 1.5em; line-height: 1.5em; font-size: 13px; word-break: break-all; background-image: url(&quot;./assets/img/bullet.png&quot;); background-repeat: no-repeat; background-position: left 0.5em;\">JavaSE（J2SE）（Java2 Platform Standard Edition，java平台标准版）</li><li style=\"border: 0px; margin-bottom: 1em; margin-left: 1em; padding-left: 1.5em; line-height: 1.5em; font-size: 13px; word-break: break-all; background-image: url(&quot;./assets/img/bullet.png&quot;); background-repeat: no-repeat; background-position: left 0.5em;\">JavaEE(J2EE)(Java 2 Platform,Enterprise Edition，java平台企业版)</li><li style=\"border: 0px; margin-bottom: 1em; margin-left: 1em; padding-left: 1.5em; line-height: 1.5em; font-size: 13px; word-break: break-all; background-image: url(&quot;./assets/img/bullet.png&quot;); background-repeat: no-repeat; background-position: left 0.5em;\">JavaME(J2ME)(Java 2 Platform Micro Edition，java平台微型版)。</li></ul><p style=\"border: 0px; margin-top: 0px; margin-bottom: 0px; padding: 0px; line-height: 2em; overflow-wrap: break-word; word-break: break-all; font-size: 13px; font-family: &quot;Helvetica Neue&quot;, Helvetica, &quot;PingFang SC&quot;, &quot;Hiragino Sans GB&quot;, &quot;Microsoft YaHei&quot;, &quot;Noto Sans CJK SC&quot;, &quot;WenQuanYi Micro Hei&quot;, Arial, sans-serif; color: rgb(51, 51, 51); white-space: normal;\">2005 年 6 月，JavaOne 大会召开，SUN 公司公开 Java SE 6。此时，Java 的各种版本已经更名，以取消其中的数字 &quot;2&quot;：J2EE 更名为 Java EE，J2SE 更名为Java SE，J2ME 更名为 Java ME。</p><hr style=\"background-color: rgb(212, 212, 212); color: rgb(212, 212, 212); height: 1px; border-top: 0px; clear: both; font-family: &quot;Helvetica Neue&quot;, Helvetica, &quot;PingFang SC&quot;, &quot;Hiragino Sans GB&quot;, &quot;Microsoft YaHei&quot;, &quot;Noto Sans CJK SC&quot;, &quot;WenQuanYi Micro Hei&quot;, Arial, sans-serif; font-size: 12px; white-space: normal;\"/><h2 style=\"border: 0px; margin: 2px 0px; padding: 0px; font-size: 1.8em; line-height: 1.8em; color: rgb(51, 51, 51); font-family: &quot;Helvetica Neue&quot;, Helvetica, &quot;PingFang SC&quot;, &quot;Hiragino Sans GB&quot;, &quot;Microsoft YaHei&quot;, &quot;Noto Sans CJK SC&quot;, &quot;WenQuanYi Micro Hei&quot;, Arial, sans-serif; white-space: normal;\">主要特性</h2><ul style=\"border: 0px; margin-top: 1em; margin-bottom: 1em; line-height: 16.8px; color: rgb(51, 51, 51); font-family: &quot;Helvetica Neue&quot;, Helvetica, &quot;PingFang SC&quot;, &quot;Hiragino Sans GB&quot;, &quot;Microsoft YaHei&quot;, &quot;Noto Sans CJK SC&quot;, &quot;WenQuanYi Micro Hei&quot;, Arial, sans-serif; font-size: 12px; white-space: normal;\"><li style=\"border: 0px; margin-bottom: 1em; margin-left: 1em; padding-left: 1.5em; line-height: 1.5em; font-size: 13px; word-break: break-all; background-image: url(&quot;./assets/img/bullet.png&quot;); background-repeat: no-repeat; background-position: left 0.5em;\"><p style=\"border: 0px; margin-top: 0px; margin-bottom: 0px; padding: 0px 10px; line-height: 2em; overflow-wrap: break-word; word-break: break-all;\"><strong style=\"border: 0px; margin: 0px; padding: 0px;\">Java 语言是简单的：</strong></p><p style=\"border: 0px; margin-top: 0px; margin-bottom: 0px; padding: 0px 10px; line-height: 2em; overflow-wrap: break-word; word-break: break-all;\">Java 语言的语法与 C 语言和 C++ 语言很接近，使得大多数程序员很容易学习和使用。另一方面，Java 丢弃了 C++ 中很少使用的、很难理解的、令人迷惑的那些特性，如操作符重载、多继承、自动的强制类型转换。特别地，Java 语言不使用指针，而是引用。并提供了自动分配和回收内存空间，使得程序员不必为内存管理而担忧。</p></li><li style=\"border: 0px; margin-bottom: 1em; margin-left: 1em; padding-left: 1.5em; line-height: 1.5em; font-size: 13px; word-break: break-all; background-image: url(&quot;./assets/img/bullet.png&quot;); background-repeat: no-repeat; background-position: left 0.5em;\"><p style=\"border: 0px; margin-top: 0px; margin-bottom: 0px; padding: 0px 10px; line-height: 2em; overflow-wrap: break-word; word-break: break-all;\"><strong style=\"border: 0px; margin: 0px; padding: 0px;\">Java 语言是面向对象的：</strong></p><p style=\"border: 0px; margin-top: 0px; margin-bottom: 0px; padding: 0px 10px; line-height: 2em; overflow-wrap: break-word; word-break: break-all;\">Java 语言提供类、接口和继承等面向对象的特性，为了简单起见，只支持类之间的单继承，但支持接口之间的多继承，并支持类与接口之间的实现机制（关键字为 implements）。Java 语言全面支持动态绑定，而 C++语言只对虚函数使用动态绑定。总之，Java语言是一个纯的面向对象程序设计语言。</p></li><li style=\"border: 0px; margin-bottom: 1em; margin-left: 1em; padding-left: 1.5em; line-height: 1.5em; font-size: 13px; word-break: break-all; background-image: url(&quot;./assets/img/bullet.png&quot;); background-repeat: no-repeat; background-position: left 0.5em;\"><p style=\"border: 0px; margin-top: 0px; margin-bottom: 0px; padding: 0px 10px; line-height: 2em; overflow-wrap: break-word; word-break: break-all;\"><strong style=\"border: 0px; margin: 0px; padding: 0px;\">Java语言是分布式的：</strong></p><p style=\"border: 0px; margin-top: 0px; margin-bottom: 0px; padding: 0px 10px; line-height: 2em; overflow-wrap: break-word; word-break: break-all;\">Java 语言支持 Internet 应用的开发，在基本的 Java 应用编程接口中有一个网络应用编程接口（java net），它提供了用于网络应用编程的类库，包括 URL、URLConnection、Socket、ServerSocket 等。Java 的 RMI（远程方法激活）机制也是开发分布式应用的重要手段。</p></li><li style=\"border: 0px; margin-bottom: 1em; margin-left: 1em; padding-left: 1.5em; line-height: 1.5em; font-size: 13px; word-break: break-all; background-image: url(&quot;./assets/img/bullet.png&quot;); background-repeat: no-repeat; background-position: left 0.5em;\"><strong style=\"border: 0px; margin: 0px; padding: 0px;\">Java 语言是健壮的：</strong><p style=\"border: 0px; margin-top: 0px; margin-bottom: 0px; padding: 0px 10px; line-height: 2em; overflow-wrap: break-word; word-break: break-all;\">Java 的强类型机制、异常处理、垃圾的自动收集等是 Java 程序健壮性的重要保证。对指针的丢弃是 Java 的明智选择。Java 的安全检查机制使得 Java 更具健壮性。</p></li><li style=\"border: 0px; margin-bottom: 1em; margin-left: 1em; padding-left: 1.5em; line-height: 1.5em; font-size: 13px; word-break: break-all; background-image: url(&quot;./assets/img/bullet.png&quot;); background-repeat: no-repeat; background-position: left 0.5em;\"><p style=\"border: 0px; margin-top: 0px; margin-bottom: 0px; padding: 0px 10px; line-height: 2em; overflow-wrap: break-word; word-break: break-all;\"><strong style=\"border: 0px; margin: 0px; padding: 0px;\">Java语言是安全的：</strong></p><p style=\"border: 0px; margin-top: 0px; margin-bottom: 0px; padding: 0px 10px; line-height: 2em; overflow-wrap: break-word; word-break: break-all;\">Java通常被用在网络环境中，为此，Java 提供了一个安全机制以防恶意代码的攻击。除了Java 语言具有的许多安全特性以外，Java 对通过网络下载的类具有一个安全防范机制（类 ClassLoader），如分配不同的名字空间以防替代本地的同名类、字节代码检查，并提供安全管理机制（类 SecurityManager）让 Java 应用设置安全哨兵。</p></li><li style=\"border: 0px; margin-bottom: 1em; margin-left: 1em; padding-left: 1.5em; line-height: 1.5em; font-size: 13px; word-break: break-all; background-image: url(&quot;./assets/img/bullet.png&quot;); background-repeat: no-repeat; background-position: left 0.5em;\"><p style=\"border: 0px; margin-top: 0px; margin-bottom: 0px; padding: 0px 10px; line-height: 2em; overflow-wrap: break-word; word-break: break-all;\"><strong style=\"border: 0px; margin: 0px; padding: 0px;\">Java 语言是体系结构中立的：</strong></p><p style=\"border: 0px; margin-top: 0px; margin-bottom: 0px; padding: 0px 10px; line-height: 2em; overflow-wrap: break-word; word-break: break-all;\">Java 程序（后缀为 java 的文件）在 Java 平台上被编译为体系结构中立的字节码格式（后缀为 class 的文件），然后可以在实现这个 Java 平台的任何系统中运行。这种途径适合于异构的网络环境和软件的分发。</p></li><li style=\"border: 0px; margin-bottom: 1em; margin-left: 1em; padding-left: 1.5em; line-height: 1.5em; font-size: 13px; word-break: break-all; background-image: url(&quot;./assets/img/bullet.png&quot;); background-repeat: no-repeat; background-position: left 0.5em;\"><p style=\"border: 0px; margin-top: 0px; margin-bottom: 0px; padding: 0px 10px; line-height: 2em; overflow-wrap: break-word; word-break: break-all;\"><strong style=\"border: 0px; margin: 0px; padding: 0px;\">Java 语言是可移植的：</strong></p><p style=\"border: 0px; margin-top: 0px; margin-bottom: 0px; padding: 0px 10px; line-height: 2em; overflow-wrap: break-word; word-break: break-all;\">这种可移植性来源于体系结构中立性，另外，Java 还严格规定了各个基本数据类型的长度。Java 系统本身也具有很强的可移植性，Java 编译器是用 Java 实现的，Java 的运行环境是用 ANSI C 实现的。</p></li><li style=\"border: 0px; margin-bottom: 1em; margin-left: 1em; padding-left: 1.5em; line-height: 1.5em; font-size: 13px; word-break: break-all; background-image: url(&quot;./assets/img/bullet.png&quot;); background-repeat: no-repeat; background-position: left 0.5em;\"><p style=\"border: 0px; margin-top: 0px; margin-bottom: 0px; padding: 0px 10px; line-height: 2em; overflow-wrap: break-word; word-break: break-all;\"><strong style=\"border: 0px; margin: 0px; padding: 0px;\">Java 语言是解释型的：</strong></p><p style=\"border: 0px; margin-top: 0px; margin-bottom: 0px; padding: 0px 10px; line-height: 2em; overflow-wrap: break-word; word-break: break-all;\">如前所述，Java 程序在 Java 平台上被编译为字节码格式，然后可以在实现这个 Java 平台的任何系统中运行。在运行时，Java 平台中的 Java 解释器对这些字节码进行解释执行，执行过程中需要的类在联接阶段被载入到运行环境中。</p></li><li style=\"border: 0px; margin-bottom: 1em; margin-left: 1em; padding-left: 1.5em; line-height: 1.5em; font-size: 13px; word-break: break-all; background-image: url(&quot;./assets/img/bullet.png&quot;); background-repeat: no-repeat; background-position: left 0.5em;\"><p style=\"border: 0px; margin-top: 0px; margin-bottom: 0px; padding: 0px 10px; line-height: 2em; overflow-wrap: break-word; word-break: break-all;\"><strong style=\"border: 0px; margin: 0px; padding: 0px;\">Java 是高性能的：</strong></p><p style=\"border: 0px; margin-top: 0px; margin-bottom: 0px; padding: 0px 10px; line-height: 2em; overflow-wrap: break-word; word-break: break-all;\">与那些解释型的高级脚本语言相比，Java 的确是高性能的。事实上，Java 的运行速度随着 JIT(Just-In-Time）编译器技术的发展越来越接近于 C++。</p></li><li style=\"border: 0px; margin-bottom: 1em; margin-left: 1em; padding-left: 1.5em; line-height: 1.5em; font-size: 13px; word-break: break-all; background-image: url(&quot;./assets/img/bullet.png&quot;); background-repeat: no-repeat; background-position: left 0.5em;\"><p style=\"border: 0px; margin-top: 0px; margin-bottom: 0px; padding: 0px 10px; line-height: 2em; overflow-wrap: break-word; word-break: break-all;\"><strong style=\"border: 0px; margin: 0px; padding: 0px;\">Java 语言是多线程的：</strong></p><p style=\"border: 0px; margin-top: 0px; margin-bottom: 0px; padding: 0px 10px; line-height: 2em; overflow-wrap: break-word; word-break: break-all;\">在 Java 语言中，线程是一种特殊的对象，它必须由 Thread 类或其子（孙）类来创建。通常有两种方法来创建线程：其一，使用型构为 Thread(Runnable) 的构造子类将一个实现了 Runnable 接口的对象包装成一个线程，其二，从 Thread 类派生出子类并重写 run 方法，使用该子类创建的对象即为线程。值得注意的是 Thread 类已经实现了 Runnable 接口，因此，任何一个线程均有它的 run 方法，而 run 方法中包含了线程所要运行的代码。线程的活动由一组方法来控制。Java 语言支持多个线程的同时执行，并提供多线程之间的同步机制（关键字为 synchronized）。</p></li><li style=\"border: 0px; margin-bottom: 1em; margin-left: 1em; padding-left: 1.5em; line-height: 1.5em; font-size: 13px; word-break: break-all; background-image: url(&quot;./assets/img/bullet.png&quot;); background-repeat: no-repeat; background-position: left 0.5em;\"><p style=\"border: 0px; margin-top: 0px; margin-bottom: 0px; padding: 0px 10px; line-height: 2em; overflow-wrap: break-word; word-break: break-all;\"><strong style=\"border: 0px; margin: 0px; padding: 0px;\">Java 语言是动态的：</strong></p><p style=\"border: 0px; margin-top: 0px; margin-bottom: 0px; padding: 0px 10px; line-height: 2em; overflow-wrap: break-word; word-break: break-all;\">Java 语言的设计目标之一是适应于动态变化的环境。Java 程序需要的类能够动态地被载入到运行环境，也可以通过网络来载入所需要的类。这也有利于软件的升级。另外，Java 中的类有一个运行时刻的表示，能进行运行时刻的类型检查。</p></li></ul><hr style=\"background-color: rgb(212, 212, 212); color: rgb(212, 212, 212); height: 1px; border-top: 0px; clear: both; font-family: &quot;Helvetica Neue&quot;, Helvetica, &quot;PingFang SC&quot;, &quot;Hiragino Sans GB&quot;, &quot;Microsoft YaHei&quot;, &quot;Noto Sans CJK SC&quot;, &quot;WenQuanYi Micro Hei&quot;, Arial, sans-serif; font-size: 12px; white-space: normal;\"/><h2 style=\"border: 0px; margin: 2px 0px; padding: 0px; font-size: 1.8em; line-height: 1.8em; color: rgb(51, 51, 51); font-family: &quot;Helvetica Neue&quot;, Helvetica, &quot;PingFang SC&quot;, &quot;Hiragino Sans GB&quot;, &quot;Microsoft YaHei&quot;, &quot;Noto Sans CJK SC&quot;, &quot;WenQuanYi Micro Hei&quot;, Arial, sans-serif; white-space: normal;\">发展历史</h2><ul style=\"border: 0px; margin-top: 1em; margin-bottom: 1em; line-height: 16.8px; color: rgb(51, 51, 51); font-family: &quot;Helvetica Neue&quot;, Helvetica, &quot;PingFang SC&quot;, &quot;Hiragino Sans GB&quot;, &quot;Microsoft YaHei&quot;, &quot;Noto Sans CJK SC&quot;, &quot;WenQuanYi Micro Hei&quot;, Arial, sans-serif; font-size: 12px; white-space: normal;\"><li style=\"border: 0px; margin-bottom: 1em; margin-left: 1em; padding-left: 1.5em; line-height: 1.5em; font-size: 13px; word-break: break-all; background-image: url(&quot;./assets/img/bullet.png&quot;); background-repeat: no-repeat; background-position: left 0.5em;\">1995 年 5 月 23 日，Java 语言诞生</li><li style=\"border: 0px; margin-bottom: 1em; margin-left: 1em; padding-left: 1.5em; line-height: 1.5em; font-size: 13px; word-break: break-all; background-image: url(&quot;./assets/img/bullet.png&quot;); background-repeat: no-repeat; background-position: left 0.5em;\">1996 年 1 月，第一个 JDK-JDK1.0 诞生</li><li style=\"border: 0px; margin-bottom: 1em; margin-left: 1em; padding-left: 1.5em; line-height: 1.5em; font-size: 13px; word-break: break-all; background-image: url(&quot;./assets/img/bullet.png&quot;); background-repeat: no-repeat; background-position: left 0.5em;\">1996 年 4 月，10 个最主要的操作系统供应商申明将在其产品中嵌入 JAVA 技术</li><li style=\"border: 0px; margin-bottom: 1em; margin-left: 1em; padding-left: 1.5em; line-height: 1.5em; font-size: 13px; word-break: break-all; background-image: url(&quot;./assets/img/bullet.png&quot;); background-repeat: no-repeat; background-position: left 0.5em;\">1996 年 9 月，约 8.3 万个网页应用了 JAVA 技术来制作</li><li style=\"border: 0px; margin-bottom: 1em; margin-left: 1em; padding-left: 1.5em; line-height: 1.5em; font-size: 13px; word-break: break-all; background-image: url(&quot;./assets/img/bullet.png&quot;); background-repeat: no-repeat; background-position: left 0.5em;\">1997 年 2 月 18 日，JDK1.1 发布</li><li style=\"border: 0px; margin-bottom: 1em; margin-left: 1em; padding-left: 1.5em; line-height: 1.5em; font-size: 13px; word-break: break-all; background-image: url(&quot;./assets/img/bullet.png&quot;); background-repeat: no-repeat; background-position: left 0.5em;\">1997 年 4 月 2 日，JavaOne 会议召开，参与者逾一万人，创当时全球同类会议规模之纪录</li><li style=\"border: 0px; margin-bottom: 1em; margin-left: 1em; padding-left: 1.5em; line-height: 1.5em; font-size: 13px; word-break: break-all; background-image: url(&quot;./assets/img/bullet.png&quot;); background-repeat: no-repeat; background-position: left 0.5em;\">1997 年 9 月，JavaDeveloperConnection 社区成员超过十万</li><li style=\"border: 0px; margin-bottom: 1em; margin-left: 1em; padding-left: 1.5em; line-height: 1.5em; font-size: 13px; word-break: break-all; background-image: url(&quot;./assets/img/bullet.png&quot;); background-repeat: no-repeat; background-position: left 0.5em;\">1998 年 2 月，JDK1.1 被下载超过 2,000,000次</li><li style=\"border: 0px; margin-bottom: 1em; margin-left: 1em; padding-left: 1.5em; line-height: 1.5em; font-size: 13px; word-break: break-all; background-image: url(&quot;./assets/img/bullet.png&quot;); background-repeat: no-repeat; background-position: left 0.5em;\">1998 年 12 月 8 日，JAVA2 企业平台 J2EE 发布</li><li style=\"border: 0px; margin-bottom: 1em; margin-left: 1em; padding-left: 1.5em; line-height: 1.5em; font-size: 13px; word-break: break-all; background-image: url(&quot;./assets/img/bullet.png&quot;); background-repeat: no-repeat; background-position: left 0.5em;\">1999 年 6月，SUN 公司发布 Java 的三个版本：标准版（JavaSE, 以前是 J2SE）、企业版（JavaEE 以前是 J2EE）和微型版（JavaME，以前是 J2ME）</li><li style=\"border: 0px; margin-bottom: 1em; margin-left: 1em; padding-left: 1.5em; line-height: 1.5em; font-size: 13px; word-break: break-all; background-image: url(&quot;./assets/img/bullet.png&quot;); background-repeat: no-repeat; background-position: left 0.5em;\">2000 年 5 月 8 日，JDK1.3 发布</li><li style=\"border: 0px; margin-bottom: 1em; margin-left: 1em; padding-left: 1.5em; line-height: 1.5em; font-size: 13px; word-break: break-all; background-image: url(&quot;./assets/img/bullet.png&quot;); background-repeat: no-repeat; background-position: left 0.5em;\">2000 年 5 月 29 日，JDK1.4 发布</li><li style=\"border: 0px; margin-bottom: 1em; margin-left: 1em; padding-left: 1.5em; line-height: 1.5em; font-size: 13px; word-break: break-all; background-image: url(&quot;./assets/img/bullet.png&quot;); background-repeat: no-repeat; background-position: left 0.5em;\">2001 年 6 月 5 日，NOKIA 宣布，到 2003 年将出售 1 亿部支持 Java 的手机</li><li style=\"border: 0px; margin-bottom: 1em; margin-left: 1em; padding-left: 1.5em; line-height: 1.5em; font-size: 13px; word-break: break-all; background-image: url(&quot;./assets/img/bullet.png&quot;); background-repeat: no-repeat; background-position: left 0.5em;\">2001 年 9 月 24 日，J2EE1.3 发布</li><li style=\"border: 0px; margin-bottom: 1em; margin-left: 1em; padding-left: 1.5em; line-height: 1.5em; font-size: 13px; word-break: break-all; background-image: url(&quot;./assets/img/bullet.png&quot;); background-repeat: no-repeat; background-position: left 0.5em;\">2002 年 2 月 26 日，J2SE1.4 发布，自此 Java 的计算能力有了大幅提升</li><li style=\"border: 0px; margin-bottom: 1em; margin-left: 1em; padding-left: 1.5em; line-height: 1.5em; font-size: 13px; word-break: break-all; background-image: url(&quot;./assets/img/bullet.png&quot;); background-repeat: no-repeat; background-position: left 0.5em;\">2004 年 9 月 30 日 18:00PM，J2SE1.5 发布，成为 Java 语言发展史上的又一里程碑。为了表示该版本的重要性，J2SE1.5 更名为 Java SE 5.0</li><li style=\"border: 0px; margin-bottom: 1em; margin-left: 1em; padding-left: 1.5em; line-height: 1.5em; font-size: 13px; word-break: break-all; background-image: url(&quot;./assets/img/bullet.png&quot;); background-repeat: no-repeat; background-position: left 0.5em;\">2005 年 6 月，JavaOne 大会召开，SUN 公司公开 Java SE 6。此时，Java 的各种版本已经更名，以取消其中的数字 &quot;2&quot;：J2EE 更名为 Java EE，J2SE 更名为 Java SE，J2ME 更名为 Java ME</li><li style=\"border: 0px; margin-bottom: 1em; margin-left: 1em; padding-left: 1.5em; line-height: 1.5em; font-size: 13px; word-break: break-all; background-image: url(&quot;./assets/img/bullet.png&quot;); background-repeat: no-repeat; background-position: left 0.5em;\">2006 年 12 月，SUN 公司发布 JRE6.0</li><li style=\"border: 0px; margin-bottom: 1em; margin-left: 1em; padding-left: 1.5em; line-height: 1.5em; font-size: 13px; word-break: break-all; background-image: url(&quot;./assets/img/bullet.png&quot;); background-repeat: no-repeat; background-position: left 0.5em;\"><strong style=\"border: 0px; margin: 0px; padding: 0px;\">2009 年 04 月 20 日，甲骨文 74 亿美元收购 Sun，取得 Java 的版权。</strong></li><li style=\"border: 0px; margin-bottom: 1em; margin-left: 1em; padding-left: 1.5em; line-height: 1.5em; font-size: 13px; word-break: break-all; background-image: url(&quot;./assets/img/bullet.png&quot;); background-repeat: no-repeat; background-position: left 0.5em;\">2010 年 11 月，由于甲骨文对于 Java 社区的不友善，因此 Apache 扬言将退出 JCP。</li><li style=\"border: 0px; margin-bottom: 1em; margin-left: 1em; padding-left: 1.5em; line-height: 1.5em; font-size: 13px; word-break: break-all; background-image: url(&quot;./assets/img/bullet.png&quot;); background-repeat: no-repeat; background-position: left 0.5em;\">2011 年 7 月 28 日，甲骨文发布 Java7.0 的正式版。</li><li style=\"border: 0px; margin-bottom: 1em; margin-left: 1em; padding-left: 1.5em; line-height: 1.5em; font-size: 13px; word-break: break-all; background-image: url(&quot;./assets/img/bullet.png&quot;); background-repeat: no-repeat; background-position: left 0.5em;\">2014 年 3 月 18 日，Oracle 公司发表 Java SE 8。</li><li style=\"border: 0px; margin-bottom: 1em; margin-left: 1em; padding-left: 1.5em; line-height: 1.5em; font-size: 13px; word-break: break-all; background-image: url(&quot;./assets/img/bullet.png&quot;); background-repeat: no-repeat; background-position: left 0.5em;\">2017 年 9 月 21 日，Oracle 公司发表 Java SE 9</li><li style=\"border: 0px; margin-bottom: 1em; margin-left: 1em; padding-left: 1.5em; line-height: 1.5em; font-size: 13px; word-break: break-all; background-image: url(&quot;./assets/img/bullet.png&quot;); background-repeat: no-repeat; background-position: left 0.5em;\">2018 年 3 月 21 日，Oracle 公司发表 Java SE 10</li><li style=\"border: 0px; margin-bottom: 1em; margin-left: 1em; padding-left: 1.5em; line-height: 1.5em; font-size: 13px; word-break: break-all; background-image: url(&quot;./assets/img/bullet.png&quot;); background-repeat: no-repeat; background-position: left 0.5em;\">2018 年 9 月 25 日，Java SE 11 发布</li><li style=\"border: 0px; margin-bottom: 1em; margin-left: 1em; padding-left: 1.5em; line-height: 1.5em; font-size: 13px; word-break: break-all; background-image: url(&quot;./assets/img/bullet.png&quot;); background-repeat: no-repeat; background-position: left 0.5em;\">2019 年 3 月 20 日，Java SE 12 发布</li></ul><hr style=\"background-color: rgb(212, 212, 212); color: rgb(212, 212, 212); height: 1px; border-top: 0px; clear: both; font-family: &quot;Helvetica Neue&quot;, Helvetica, &quot;PingFang SC&quot;, &quot;Hiragino Sans GB&quot;, &quot;Microsoft YaHei&quot;, &quot;Noto Sans CJK SC&quot;, &quot;WenQuanYi Micro Hei&quot;, Arial, sans-serif; font-size: 12px; white-space: normal;\"/><h2 style=\"border: 0px; margin: 2px 0px; padding: 0px; font-size: 1.8em; line-height: 1.8em; color: rgb(51, 51, 51); font-family: &quot;Helvetica Neue&quot;, Helvetica, &quot;PingFang SC&quot;, &quot;Hiragino Sans GB&quot;, &quot;Microsoft YaHei&quot;, &quot;Noto Sans CJK SC&quot;, &quot;WenQuanYi Micro Hei&quot;, Arial, sans-serif; white-space: normal;\">Java 开发工具</h2><p style=\"border: 0px; margin-top: 0px; margin-bottom: 0px; padding: 0px; line-height: 2em; overflow-wrap: break-word; word-break: break-all; font-size: 13px; font-family: &quot;Helvetica Neue&quot;, Helvetica, &quot;PingFang SC&quot;, &quot;Hiragino Sans GB&quot;, &quot;Microsoft YaHei&quot;, &quot;Noto Sans CJK SC&quot;, &quot;WenQuanYi Micro Hei&quot;, Arial, sans-serif; color: rgb(51, 51, 51); white-space: normal;\">Java 语言尽量保证系统内存在 1G 以上，其他工具如下所示：</p><ul style=\"border: 0px; margin-top: 1em; margin-bottom: 1em; line-height: 16.8px; color: rgb(51, 51, 51); font-family: &quot;Helvetica Neue&quot;, Helvetica, &quot;PingFang SC&quot;, &quot;Hiragino Sans GB&quot;, &quot;Microsoft YaHei&quot;, &quot;Noto Sans CJK SC&quot;, &quot;WenQuanYi Micro Hei&quot;, Arial, sans-serif; font-size: 12px; white-space: normal;\"><li style=\"border: 0px; margin-bottom: 1em; margin-left: 1em; padding-left: 1.5em; line-height: 1.5em; font-size: 13px; word-break: break-all; background-image: url(&quot;./assets/img/bullet.png&quot;); background-repeat: no-repeat; background-position: left 0.5em;\">Linux 系统、Mac OS 系统、Windows 95/98/2000/XP，WIN 7/8系统。</li><li style=\"border: 0px; margin-bottom: 1em; margin-left: 1em; padding-left: 1.5em; line-height: 1.5em; font-size: 13px; word-break: break-all; background-image: url(&quot;./assets/img/bullet.png&quot;); background-repeat: no-repeat; background-position: left 0.5em;\"><a href=\"http://www.oracle.com/technetwork/cn/java/javase/downloads/index.html\" target=\"_blank\" rel=\"noopener noreferrer\" style=\"border: 0px; margin: 0px; padding: 0px; color: rgb(0, 102, 0); transition-duration: 0.2s; transition-property: opacity; outline: none;\">Java JDK 7、8……</a></li><li style=\"border: 0px; margin-bottom: 1em; margin-left: 1em; padding-left: 1.5em; line-height: 1.5em; font-size: 13px; word-break: break-all; background-image: url(&quot;./assets/img/bullet.png&quot;); background-repeat: no-repeat; background-position: left 0.5em;\"><a href=\"https://code.visualstudio.com/\" target=\"_blank\" rel=\"noopener noreferrer\" style=\"border: 0px; margin: 0px; padding: 0px; color: rgb(0, 102, 0); transition-duration: 0.2s; transition-property: opacity; outline: none;\">vscode</a>&nbsp;编辑器或者其他编辑器。</li><li style=\"border: 0px; margin-bottom: 1em; margin-left: 1em; padding-left: 1.5em; line-height: 1.5em; font-size: 13px; word-break: break-all; background-image: url(&quot;./assets/img/bullet.png&quot;); background-repeat: no-repeat; background-position: left 0.5em;\">IDE：<a href=\"http://www.eclipse.org/downloads/\" target=\"_blank\" rel=\"noopener noreferrer\" style=\"border: 0px; margin: 0px; padding: 0px; color: rgb(0, 102, 0); transition-duration: 0.2s; transition-property: opacity; outline: none;\">Eclipse</a>、&nbsp;<a href=\"https://www.jetbrains.com/idea/\" rel=\"noopener noreferrer\" target=\"_blank\" style=\"border: 0px; margin: 0px; padding: 0px; color: rgb(0, 102, 0); transition-duration: 0.2s; transition-property: opacity; outline: none;\">IntelliJ IDEA</a>、<a href=\"https://netbeans.org/\" rel=\"noopener noreferrer\" target=\"_blank\" style=\"border: 0px; margin: 0px; padding: 0px; color: rgb(0, 102, 0); transition-duration: 0.2s; transition-property: opacity; outline: none;\">NetBeans</a>&nbsp;等。</li></ul><p style=\"border: 0px; margin-top: 0px; margin-bottom: 0px; padding: 0px; line-height: 2em; overflow-wrap: break-word; word-break: break-all; font-size: 13px; font-family: &quot;Helvetica Neue&quot;, Helvetica, &quot;PingFang SC&quot;, &quot;Hiragino Sans GB&quot;, &quot;Microsoft YaHei&quot;, &quot;Noto Sans CJK SC&quot;, &quot;WenQuanYi Micro Hei&quot;, Arial, sans-serif; color: rgb(51, 51, 51); white-space: normal;\">安装好以上的工具后，我们就可以输出Java的第一个程序 &quot;Hello World！&quot;</p><div class=\"example\" style=\"border: 1px solid rgb(212, 212, 212); margin: 0px 0px 5px; padding: 5px; width: 686.875px; color: rgb(0, 0, 0); background-color: rgb(229, 238, 204); background-image: linear-gradient(rgb(255, 255, 255), rgb(229, 238, 204) 100px); font-family: &quot;Helvetica Neue&quot;, Helvetica, &quot;PingFang SC&quot;, &quot;Hiragino Sans GB&quot;, &quot;Microsoft YaHei&quot;, &quot;Noto Sans CJK SC&quot;, &quot;WenQuanYi Micro Hei&quot;, Arial, sans-serif; font-size: 12px; white-space: normal;\"><div class=\"example_code\" style=\"border: 1px solid rgb(212, 212, 212); margin: 0px; padding: 5px; line-height: 1.4em; width: 673.138px; background-color: rgb(249, 249, 249); font-size: 13.2px; font-family: Menlo, Monaco, Consolas, &quot;Andale Mono&quot;, &quot;lucida console&quot;, &quot;Courier New&quot;, monospace; word-break: break-all; overflow-wrap: break-word;\"><div class=\"hl-main\" style=\"border: 0px; margin: 0px; padding: 0px; white-space: pre-wrap; word-break: break-all; overflow-wrap: break-word;\"><span class=\"hl-reserved\" style=\"border: 0px; margin: 0px; padding: 0px; color: green;\">public</span><span class=\"hl-code\" style=\"border: 0px; margin: 0px; padding: 0px; color: gray;\"> </span><span class=\"hl-reserved\" style=\"border: 0px; margin: 0px; padding: 0px; color: green;\">class</span><span class=\"hl-code\" style=\"border: 0px; margin: 0px; padding: 0px; color: gray;\"> </span><span class=\"hl-identifier\" style=\"border: 0px; margin: 0px; padding: 0px; color: rgb(0, 85, 170);\">HelloWorld</span><span class=\"hl-code\" style=\"border: 0px; margin: 0px; padding: 0px; color: gray;\"> </span><span class=\"hl-brackets\" style=\"border: 0px; margin: 0px; padding: 0px; color: olive;\">{</span><span class=\"hl-code\" style=\"border: 0px; margin: 0px; padding: 0px; color: gray;\">\r\n &nbsp; &nbsp;</span><span class=\"hl-reserved\" style=\"border: 0px; margin: 0px; padding: 0px; color: green;\">public</span><span class=\"hl-code\" style=\"border: 0px; margin: 0px; padding: 0px; color: gray;\"> </span><span class=\"hl-types\" style=\"border: 0px; margin: 0px; padding: 0px;\">static</span><span class=\"hl-code\" style=\"border: 0px; margin: 0px; padding: 0px; color: gray;\"> </span><span class=\"hl-types\" style=\"border: 0px; margin: 0px; padding: 0px;\">void</span><span class=\"hl-code\" style=\"border: 0px; margin: 0px; padding: 0px; color: gray;\"> </span><span class=\"hl-identifier\" style=\"border: 0px; margin: 0px; padding: 0px; color: rgb(0, 85, 170);\">main</span><span class=\"hl-brackets\" style=\"border: 0px; margin: 0px; padding: 0px; color: olive;\">(</span><span class=\"hl-identifier\" style=\"border: 0px; margin: 0px; padding: 0px; color: rgb(0, 85, 170);\">String</span><span class=\"hl-brackets\" style=\"border: 0px; margin: 0px; padding: 0px; color: olive;\">[</span><span class=\"hl-brackets\" style=\"border: 0px; margin: 0px; padding: 0px; color: olive;\">]</span><span class=\"hl-code\" style=\"border: 0px; margin: 0px; padding: 0px; color: gray;\"> </span><span class=\"hl-identifier\" style=\"border: 0px; margin: 0px; padding: 0px; color: rgb(0, 85, 170);\">args</span><span class=\"hl-brackets\" style=\"border: 0px; margin: 0px; padding: 0px; color: olive;\">)</span><span class=\"hl-code\" style=\"border: 0px; margin: 0px; padding: 0px; color: gray;\"> </span><span class=\"hl-brackets\" style=\"border: 0px; margin: 0px; padding: 0px; color: olive;\">{</span><span class=\"hl-code\" style=\"border: 0px; margin: 0px; padding: 0px; color: gray;\">\r\n &nbsp; &nbsp; &nbsp; &nbsp;</span><span class=\"hl-identifier\" style=\"border: 0px; margin: 0px; padding: 0px; color: rgb(0, 85, 170);\">System</span><span class=\"hl-code\" style=\"border: 0px; margin: 0px; padding: 0px; color: gray;\">.</span><span class=\"hl-identifier\" style=\"border: 0px; margin: 0px; padding: 0px; color: rgb(0, 85, 170);\">out</span><span class=\"hl-code\" style=\"border: 0px; margin: 0px; padding: 0px; color: gray;\">.</span><span class=\"hl-identifier\" style=\"border: 0px; margin: 0px; padding: 0px; color: rgb(0, 85, 170);\">println</span><span class=\"hl-brackets\" style=\"border: 0px; margin: 0px; padding: 0px; color: olive;\">(</span><span class=\"hl-quotes\" style=\"border: 0px; margin: 0px; padding: 0px; color: rgb(139, 0, 0);\">&quot;</span><span class=\"hl-string\" style=\"border: 0px; margin: 0px; padding: 0px; color: rgb(170, 17, 17);\">Hello World</span><span class=\"hl-quotes\" style=\"border: 0px; margin: 0px; padding: 0px; color: rgb(139, 0, 0);\">&quot;</span><span class=\"hl-brackets\" style=\"border: 0px; margin: 0px; padding: 0px; color: olive;\">)</span><span class=\"hl-code\" style=\"border: 0px; margin: 0px; padding: 0px; color: gray;\">; &nbsp; &nbsp;</span><span class=\"hl-brackets\" style=\"border: 0px; margin: 0px; padding: 0px; color: olive;\">}</span><span class=\"hl-code\" style=\"border: 0px; margin: 0px; padding: 0px; color: gray;\"></span><span class=\"hl-brackets\" style=\"border: 0px; margin: 0px; padding: 0px; color: olive;\">}</span></div></div></div><p style=\"border: 0px; margin-top: 0px; margin-bottom: 0px; padding: 0px; line-height: 2em; overflow-wrap: break-word; word-break: break-all; font-size: 13px; font-family: &quot;Helvetica Neue&quot;, Helvetica, &quot;PingFang SC&quot;, &quot;Hiragino Sans GB&quot;, &quot;Microsoft YaHei&quot;, &quot;Noto Sans CJK SC&quot;, &quot;WenQuanYi Micro Hei&quot;, Arial, sans-serif; color: rgb(51, 51, 51); white-space: normal;\">在下一章节我们将介绍如何配置java开发环境。</p><p><br/></p>', '2022-12-14 20:09:27');
INSERT INTO `zhishi` VALUES (9, 'Java开发环境配置', 'upload/1671019826742.png', 5, '<h1 style=\"border: 0px; margin-top: 0px; margin-bottom: 10px; padding: 0px; font-size: 2.1em; color: rgb(0, 0, 0); font-family: &quot;Helvetica Neue&quot;, Helvetica, &quot;PingFang SC&quot;, &quot;Hiragino Sans GB&quot;, &quot;Microsoft YaHei&quot;, &quot;Noto Sans CJK SC&quot;, &quot;WenQuanYi Micro Hei&quot;, Arial, sans-serif; white-space: normal;\">Java 开发环境配置</h1><p style=\"border: 0px; margin-top: 0px; margin-bottom: 0px; padding: 0px; line-height: 2em; overflow-wrap: break-word; word-break: break-all; font-size: 13px; font-family: &quot;Helvetica Neue&quot;, Helvetica, &quot;PingFang SC&quot;, &quot;Hiragino Sans GB&quot;, &quot;Microsoft YaHei&quot;, &quot;Noto Sans CJK SC&quot;, &quot;WenQuanYi Micro Hei&quot;, Arial, sans-serif; color: rgb(51, 51, 51); white-space: normal;\">在本章节中我们将为大家介绍如何搭建Java开发环境。</p><ul style=\"border: 0px; margin-top: 1em; margin-bottom: 1em; line-height: 16.8px; color: rgb(51, 51, 51); font-family: &quot;Helvetica Neue&quot;, Helvetica, &quot;PingFang SC&quot;, &quot;Hiragino Sans GB&quot;, &quot;Microsoft YaHei&quot;, &quot;Noto Sans CJK SC&quot;, &quot;WenQuanYi Micro Hei&quot;, Arial, sans-serif; font-size: 12px; white-space: normal;\"><li style=\"border: 0px; margin-bottom: 1em; margin-left: 1em; padding-left: 1.5em; line-height: 1.5em; font-size: 13px; word-break: break-all; background-image: url(&quot;./assets/img/bullet.png&quot;); background-repeat: no-repeat; background-position: left 0.5em;\"><a href=\"https://www.runoob.com/java/java-environment-setup.html#win-install\" style=\"border: 0px; margin: 0px; padding: 0px; color: rgb(0, 102, 0); transition-duration: 0.2s; transition-property: opacity; outline: none;\">Windows 上安装开发环境</a></li><li style=\"border: 0px; margin-bottom: 1em; margin-left: 1em; padding-left: 1.5em; line-height: 1.5em; font-size: 13px; word-break: break-all; background-image: url(&quot;./assets/img/bullet.png&quot;); background-repeat: no-repeat; background-position: left 0.5em;\"><a href=\"https://www.runoob.com/java/java-environment-setup.html#linux-install\" style=\"border: 0px; margin: 0px; padding: 0px; color: rgb(0, 102, 0); transition-duration: 0.2s; transition-property: opacity; outline: none;\">Linux 上安装开发环境</a></li><li style=\"border: 0px; margin-bottom: 1em; margin-left: 1em; padding-left: 1.5em; line-height: 1.5em; font-size: 13px; word-break: break-all; background-image: url(&quot;./assets/img/bullet.png&quot;); background-repeat: no-repeat; background-position: left 0.5em;\"><a href=\"https://www.runoob.com/java/java-environment-setup.html#eclipse-install\" style=\"border: 0px; margin: 0px; padding: 0px; color: rgb(0, 102, 0); transition-duration: 0.2s; transition-property: opacity; outline: none;\">安装 Eclipse 运行 Java</a></li></ul><hr style=\"background-color: rgb(212, 212, 212); color: rgb(212, 212, 212); height: 1px; border-top: 0px; clear: both; font-family: &quot;Helvetica Neue&quot;, Helvetica, &quot;PingFang SC&quot;, &quot;Hiragino Sans GB&quot;, &quot;Microsoft YaHei&quot;, &quot;Noto Sans CJK SC&quot;, &quot;WenQuanYi Micro Hei&quot;, Arial, sans-serif; font-size: 12px; white-space: normal;\"/><h2 id=\"win-install\" style=\"border: 0px; margin: 2px 0px; padding: 0px; font-size: 1.8em; line-height: 1.8em; color: rgb(51, 51, 51); font-family: &quot;Helvetica Neue&quot;, Helvetica, &quot;PingFang SC&quot;, &quot;Hiragino Sans GB&quot;, &quot;Microsoft YaHei&quot;, &quot;Noto Sans CJK SC&quot;, &quot;WenQuanYi Micro Hei&quot;, Arial, sans-serif; white-space: normal;\">window系统安装java</h2><h3 style=\"border: 0px; margin: 8px 0px; padding: 0px; font-size: 1.4em; font-weight: 700; color: rgb(51, 51, 51); font-family: &quot;Helvetica Neue&quot;, Helvetica, &quot;PingFang SC&quot;, &quot;Hiragino Sans GB&quot;, &quot;Microsoft YaHei&quot;, &quot;Noto Sans CJK SC&quot;, &quot;WenQuanYi Micro Hei&quot;, Arial, sans-serif; white-space: normal;\">下载JDK</h3><p style=\"border: 0px; margin-top: 0px; margin-bottom: 0px; padding: 0px; line-height: 2em; overflow-wrap: break-word; word-break: break-all; font-size: 13px; font-family: &quot;Helvetica Neue&quot;, Helvetica, &quot;PingFang SC&quot;, &quot;Hiragino Sans GB&quot;, &quot;Microsoft YaHei&quot;, &quot;Noto Sans CJK SC&quot;, &quot;WenQuanYi Micro Hei&quot;, Arial, sans-serif; color: rgb(51, 51, 51); white-space: normal;\">首先我们需要下载 java 开发工具包 JDK，下载地址：<a href=\"https://www.oracle.com/java/technologies/downloads/\" target=\"_blank\" rel=\"noopener noreferrer\" style=\"border: 0px; margin: 0px; padding: 0px; color: rgb(0, 102, 0); text-decoration-line: underline; transition-duration: 0.2s; transition-property: opacity; outline: none;\">https://www.oracle.com/java/technologies/downloads/</a>，在下载页面中根据自己的系统选择对应的版本，本文以 Window 64位系统为例：</p><p style=\"border: 0px; margin-top: 0px; margin-bottom: 0px; padding: 0px; line-height: 2em; overflow-wrap: break-word; word-break: break-all; font-size: 13px; font-family: &quot;Helvetica Neue&quot;, Helvetica, &quot;PingFang SC&quot;, &quot;Hiragino Sans GB&quot;, &quot;Microsoft YaHei&quot;, &quot;Noto Sans CJK SC&quot;, &quot;WenQuanYi Micro Hei&quot;, Arial, sans-serif; color: rgb(51, 51, 51); white-space: normal;\"><img decoding=\"async\" src=\"./upload/1671019831690.png\" style=\"border-style: initial; margin: 0px; padding: 0px; max-width: 100%; height: auto;\"/></p><p style=\"border: 0px; margin-top: 0px; margin-bottom: 0px; padding: 0px; line-height: 2em; overflow-wrap: break-word; word-break: break-all; font-size: 13px; font-family: &quot;Helvetica Neue&quot;, Helvetica, &quot;PingFang SC&quot;, &quot;Hiragino Sans GB&quot;, &quot;Microsoft YaHei&quot;, &quot;Noto Sans CJK SC&quot;, &quot;WenQuanYi Micro Hei&quot;, Arial, sans-serif; color: rgb(51, 51, 51); white-space: normal;\">下载后 JDK 的安装根据提示进行，还有安装 JDK 的时候也会安装 JRE，一并安装就可以了。</p><p style=\"border: 0px; margin-top: 0px; margin-bottom: 0px; padding: 0px; line-height: 2em; overflow-wrap: break-word; word-break: break-all; font-size: 13px; font-family: &quot;Helvetica Neue&quot;, Helvetica, &quot;PingFang SC&quot;, &quot;Hiragino Sans GB&quot;, &quot;Microsoft YaHei&quot;, &quot;Noto Sans CJK SC&quot;, &quot;WenQuanYi Micro Hei&quot;, Arial, sans-serif; color: rgb(51, 51, 51); white-space: normal;\">安装JDK，安装过程中可以自定义安装目录等信息，例如我们选择安装目录为&nbsp;<strong style=\"border: 0px; margin: 0px; padding: 0px;\">C:Program Files (x86)Javajdk1.8.0_91</strong>。</p><h3 style=\"border: 0px; margin: 8px 0px; padding: 0px; font-size: 1.4em; font-weight: 700; color: rgb(51, 51, 51); font-family: &quot;Helvetica Neue&quot;, Helvetica, &quot;PingFang SC&quot;, &quot;Hiragino Sans GB&quot;, &quot;Microsoft YaHei&quot;, &quot;Noto Sans CJK SC&quot;, &quot;WenQuanYi Micro Hei&quot;, Arial, sans-serif; white-space: normal;\">配置环境变量</h3><p style=\"border: 0px; margin-top: 0px; margin-bottom: 0px; padding: 0px; line-height: 2em; overflow-wrap: break-word; word-break: break-all; font-size: 13px; font-family: &quot;Helvetica Neue&quot;, Helvetica, &quot;PingFang SC&quot;, &quot;Hiragino Sans GB&quot;, &quot;Microsoft YaHei&quot;, &quot;Noto Sans CJK SC&quot;, &quot;WenQuanYi Micro Hei&quot;, Arial, sans-serif; color: rgb(51, 51, 51); white-space: normal;\">1.安装完成后，右击&quot;我的电脑&quot;，点击&quot;属性&quot;，选择&quot;高级系统设置&quot;；</p><p style=\"border: 0px; margin-top: 0px; margin-bottom: 0px; padding: 0px; line-height: 2em; overflow-wrap: break-word; word-break: break-all; font-size: 13px; font-family: &quot;Helvetica Neue&quot;, Helvetica, &quot;PingFang SC&quot;, &quot;Hiragino Sans GB&quot;, &quot;Microsoft YaHei&quot;, &quot;Noto Sans CJK SC&quot;, &quot;WenQuanYi Micro Hei&quot;, Arial, sans-serif; color: rgb(51, 51, 51); white-space: normal;\"><img decoding=\"async\" src=\"./upload/1671019832161.png\" style=\"border-style: initial; margin: 0px; padding: 0px; max-width: 100%; height: auto;\"/></p><p style=\"border: 0px; margin-top: 0px; margin-bottom: 0px; padding: 0px; line-height: 2em; overflow-wrap: break-word; word-break: break-all; font-size: 13px; font-family: &quot;Helvetica Neue&quot;, Helvetica, &quot;PingFang SC&quot;, &quot;Hiragino Sans GB&quot;, &quot;Microsoft YaHei&quot;, &quot;Noto Sans CJK SC&quot;, &quot;WenQuanYi Micro Hei&quot;, Arial, sans-serif; color: rgb(51, 51, 51); white-space: normal;\">2.选择&quot;高级&quot;选项卡，点击&quot;环境变量&quot;；</p><p style=\"border: 0px; margin-top: 0px; margin-bottom: 0px; padding: 0px; line-height: 2em; overflow-wrap: break-word; word-break: break-all; font-size: 13px; font-family: &quot;Helvetica Neue&quot;, Helvetica, &quot;PingFang SC&quot;, &quot;Hiragino Sans GB&quot;, &quot;Microsoft YaHei&quot;, &quot;Noto Sans CJK SC&quot;, &quot;WenQuanYi Micro Hei&quot;, Arial, sans-serif; color: rgb(51, 51, 51); white-space: normal;\"><img decoding=\"async\" src=\"./upload/1671019832206.png\" style=\"border-style: initial; margin: 0px; padding: 0px; max-width: 100%; height: auto;\"/></p><p style=\"border: 0px; margin-top: 0px; margin-bottom: 0px; padding: 0px; line-height: 2em; overflow-wrap: break-word; word-break: break-all; font-size: 13px; font-family: &quot;Helvetica Neue&quot;, Helvetica, &quot;PingFang SC&quot;, &quot;Hiragino Sans GB&quot;, &quot;Microsoft YaHei&quot;, &quot;Noto Sans CJK SC&quot;, &quot;WenQuanYi Micro Hei&quot;, Arial, sans-serif; color: rgb(51, 51, 51); white-space: normal;\">然后就会出现如下图所示的画面：</p><p><img decoding=\"async\" src=\"./upload/1671019832243.png\" style=\"border-style: initial; margin: 0px; padding: 0px; max-width: 100%; height: auto; color: rgb(51, 51, 51); font-family: &quot;Helvetica Neue&quot;, Helvetica, &quot;PingFang SC&quot;, &quot;Hiragino Sans GB&quot;, &quot;Microsoft YaHei&quot;, &quot;Noto Sans CJK SC&quot;, &quot;WenQuanYi Micro Hei&quot;, Arial, sans-serif; font-size: 12px; white-space: normal;\"/><span style=\"color: rgb(51, 51, 51); font-family: &quot;Helvetica Neue&quot;, Helvetica, &quot;PingFang SC&quot;, &quot;Hiragino Sans GB&quot;, &quot;Microsoft YaHei&quot;, &quot;Noto Sans CJK SC&quot;, &quot;WenQuanYi Micro Hei&quot;, Arial, sans-serif; font-size: 12px; white-space: normal;\"></span></p><p style=\"border: 0px; margin-top: 0px; margin-bottom: 0px; padding: 0px; line-height: 2em; overflow-wrap: break-word; word-break: break-all; font-size: 13px; font-family: &quot;Helvetica Neue&quot;, Helvetica, &quot;PingFang SC&quot;, &quot;Hiragino Sans GB&quot;, &quot;Microsoft YaHei&quot;, &quot;Noto Sans CJK SC&quot;, &quot;WenQuanYi Micro Hei&quot;, Arial, sans-serif; color: rgb(51, 51, 51); white-space: normal;\">在 &quot;系统变量&quot; 中设置 3 项属性，JAVA_HOME、PATH、CLASSPATH(大小写无所谓),若已存在则点击&quot;编辑&quot;，不存在则点击&quot;新建&quot;。</p><blockquote style=\"border: 0px; margin: 10px; padding-right: 10px; padding-left: 10px; background-color: rgb(243, 247, 240); font-size: 13px; line-height: 2em; color: rgb(51, 51, 51); font-family: &quot;Helvetica Neue&quot;, Helvetica, &quot;PingFang SC&quot;, &quot;Hiragino Sans GB&quot;, &quot;Microsoft YaHei&quot;, &quot;Noto Sans CJK SC&quot;, &quot;WenQuanYi Micro Hei&quot;, Arial, sans-serif; white-space: normal;\"><p style=\"border: 0px; margin-top: 0px; margin-bottom: 0px; padding: 4px; line-height: 1.5em; overflow-wrap: break-word; word-break: break-all; font-size: 14px; background-image: initial; background-position: initial; background-size: initial; background-repeat: initial; background-attachment: initial; background-origin: initial; background-clip: initial; font-style: italic;\"><strong style=\"border: 0px; margin: 0px; padding: 0px;\">注意：</strong>如果使用 1.5 以上版本的 JDK，不用设置 CLASSPATH 环境变量，也可以正常编译和运行 Java 程序。</p></blockquote><p style=\"border: 0px; margin-top: 0px; margin-bottom: 0px; padding: 0px; line-height: 2em; overflow-wrap: break-word; word-break: break-all; font-size: 13px; font-family: &quot;Helvetica Neue&quot;, Helvetica, &quot;PingFang SC&quot;, &quot;Hiragino Sans GB&quot;, &quot;Microsoft YaHei&quot;, &quot;Noto Sans CJK SC&quot;, &quot;WenQuanYi Micro Hei&quot;, Arial, sans-serif; color: rgb(51, 51, 51); white-space: normal;\">变量设置参数如下：</p><ul style=\"border: 0px; margin-top: 1em; margin-bottom: 1em; line-height: 16.8px; color: rgb(51, 51, 51); font-family: &quot;Helvetica Neue&quot;, Helvetica, &quot;PingFang SC&quot;, &quot;Hiragino Sans GB&quot;, &quot;Microsoft YaHei&quot;, &quot;Noto Sans CJK SC&quot;, &quot;WenQuanYi Micro Hei&quot;, Arial, sans-serif; font-size: 12px; white-space: normal;\"><li style=\"border: 0px; margin-bottom: 1em; margin-left: 1em; padding-left: 1.5em; line-height: 1.5em; font-size: 13px; word-break: break-all; background-image: url(&quot;./assets/img/bullet.png&quot;); background-repeat: no-repeat; background-position: left 0.5em;\">变量名：<strong style=\"border: 0px; margin: 0px; padding: 0px;\">JAVA_HOME</strong></li><li style=\"border: 0px; margin-bottom: 1em; margin-left: 1em; padding-left: 1.5em; line-height: 1.5em; font-size: 13px; word-break: break-all; background-image: url(&quot;./assets/img/bullet.png&quot;); background-repeat: no-repeat; background-position: left 0.5em;\">变量值：<strong style=\"border: 0px; margin: 0px; padding: 0px;\">C:Program Files (x86)Javajdk1.8.0_91</strong>&nbsp;&nbsp; &nbsp; &nbsp; &nbsp;// 要根据自己的实际路径配置</li></ul><ul style=\"border: 0px; margin-top: 1em; margin-bottom: 1em; line-height: 16.8px; color: rgb(51, 51, 51); font-family: &quot;Helvetica Neue&quot;, Helvetica, &quot;PingFang SC&quot;, &quot;Hiragino Sans GB&quot;, &quot;Microsoft YaHei&quot;, &quot;Noto Sans CJK SC&quot;, &quot;WenQuanYi Micro Hei&quot;, Arial, sans-serif; font-size: 12px; white-space: normal;\"><li style=\"border: 0px; margin-bottom: 1em; margin-left: 1em; padding-left: 1.5em; line-height: 1.5em; font-size: 13px; word-break: break-all; background-image: url(&quot;./assets/img/bullet.png&quot;); background-repeat: no-repeat; background-position: left 0.5em;\">变量名：<strong style=\"border: 0px; margin: 0px; padding: 0px;\">CLASSPATH</strong></li><li style=\"border: 0px; margin-bottom: 1em; margin-left: 1em; padding-left: 1.5em; line-height: 1.5em; font-size: 13px; word-break: break-all; background-image: url(&quot;./assets/img/bullet.png&quot;); background-repeat: no-repeat; background-position: left 0.5em;\">变量值：<strong style=\"border: 0px; margin: 0px; padding: 0px;\">.;%JAVA_HOME%libdt.jar;%JAVA_HOME%lib	ools.jar;</strong>&nbsp;&nbsp; &nbsp; &nbsp; &nbsp; //记得前面有个&quot;.&quot;</li></ul><ul style=\"border: 0px; margin-top: 1em; margin-bottom: 1em; line-height: 16.8px; color: rgb(51, 51, 51); font-family: &quot;Helvetica Neue&quot;, Helvetica, &quot;PingFang SC&quot;, &quot;Hiragino Sans GB&quot;, &quot;Microsoft YaHei&quot;, &quot;Noto Sans CJK SC&quot;, &quot;WenQuanYi Micro Hei&quot;, Arial, sans-serif; font-size: 12px; white-space: normal;\"><li style=\"border: 0px; margin-bottom: 1em; margin-left: 1em; padding-left: 1.5em; line-height: 1.5em; font-size: 13px; word-break: break-all; background-image: url(&quot;./assets/img/bullet.png&quot;); background-repeat: no-repeat; background-position: left 0.5em;\">变量名：<strong style=\"border: 0px; margin: 0px; padding: 0px;\">Path</strong></li><li style=\"border: 0px; margin-bottom: 1em; margin-left: 1em; padding-left: 1.5em; line-height: 1.5em; font-size: 13px; word-break: break-all; background-image: url(&quot;./assets/img/bullet.png&quot;); background-repeat: no-repeat; background-position: left 0.5em;\">变量值：<strong style=\"border: 0px; margin: 0px; padding: 0px;\">%JAVA_HOME%in;%JAVA_HOME%jrein;</strong></li></ul><h3 style=\"border: 0px; margin: 8px 0px; padding: 0px; font-size: 1.4em; font-weight: 700; color: rgb(51, 51, 51); font-family: &quot;Helvetica Neue&quot;, Helvetica, &quot;PingFang SC&quot;, &quot;Hiragino Sans GB&quot;, &quot;Microsoft YaHei&quot;, &quot;Noto Sans CJK SC&quot;, &quot;WenQuanYi Micro Hei&quot;, Arial, sans-serif; white-space: normal;\">JAVA_HOME 设置</h3><p style=\"border: 0px; margin-top: 0px; margin-bottom: 0px; padding: 0px; line-height: 2em; overflow-wrap: break-word; word-break: break-all; font-size: 13px; font-family: &quot;Helvetica Neue&quot;, Helvetica, &quot;PingFang SC&quot;, &quot;Hiragino Sans GB&quot;, &quot;Microsoft YaHei&quot;, &quot;Noto Sans CJK SC&quot;, &quot;WenQuanYi Micro Hei&quot;, Arial, sans-serif; color: rgb(51, 51, 51); white-space: normal;\"><img decoding=\"async\" src=\"./upload/1671019832272.png\" style=\"border-style: initial; margin: 0px; padding: 0px; max-width: 100%; height: auto;\"/></p><p style=\"border: 0px; margin-top: 0px; margin-bottom: 0px; padding: 0px; line-height: 2em; overflow-wrap: break-word; word-break: break-all; font-size: 13px; font-family: &quot;Helvetica Neue&quot;, Helvetica, &quot;PingFang SC&quot;, &quot;Hiragino Sans GB&quot;, &quot;Microsoft YaHei&quot;, &quot;Noto Sans CJK SC&quot;, &quot;WenQuanYi Micro Hei&quot;, Arial, sans-serif; color: rgb(51, 51, 51); white-space: normal;\"><img decoding=\"async\" src=\"./upload/1671019832297.png\" style=\"border-style: initial; margin: 0px; padding: 0px; max-width: 100%; height: auto;\"/></p><h3 style=\"border: 0px; margin: 8px 0px; padding: 0px; font-size: 1.4em; font-weight: 700; color: rgb(51, 51, 51); font-family: &quot;Helvetica Neue&quot;, Helvetica, &quot;PingFang SC&quot;, &quot;Hiragino Sans GB&quot;, &quot;Microsoft YaHei&quot;, &quot;Noto Sans CJK SC&quot;, &quot;WenQuanYi Micro Hei&quot;, Arial, sans-serif; white-space: normal;\">PATH设置</h3><p style=\"border: 0px; margin-top: 0px; margin-bottom: 0px; padding: 0px; line-height: 2em; overflow-wrap: break-word; word-break: break-all; font-size: 13px; font-family: &quot;Helvetica Neue&quot;, Helvetica, &quot;PingFang SC&quot;, &quot;Hiragino Sans GB&quot;, &quot;Microsoft YaHei&quot;, &quot;Noto Sans CJK SC&quot;, &quot;WenQuanYi Micro Hei&quot;, Arial, sans-serif; color: rgb(51, 51, 51); white-space: normal;\"><img decoding=\"async\" src=\"./upload/1671019832325.png\" style=\"border-style: initial; margin: 0px; padding: 0px; max-width: 100%; height: auto;\"/></p><p style=\"border: 0px; margin-top: 0px; margin-bottom: 0px; padding: 0px; line-height: 2em; overflow-wrap: break-word; word-break: break-all; font-size: 13px; font-family: &quot;Helvetica Neue&quot;, Helvetica, &quot;PingFang SC&quot;, &quot;Hiragino Sans GB&quot;, &quot;Microsoft YaHei&quot;, &quot;Noto Sans CJK SC&quot;, &quot;WenQuanYi Micro Hei&quot;, Arial, sans-serif; color: rgb(51, 51, 51); white-space: normal;\"><img decoding=\"async\" src=\"./upload/1671019832350.png\" style=\"border-style: initial; margin: 0px; padding: 0px; max-width: 100%; height: auto;\"/></p><blockquote style=\"border: 0px; margin: 10px; padding-right: 10px; padding-left: 10px; background-color: rgb(243, 247, 240); font-size: 13px; line-height: 2em; color: rgb(51, 51, 51); font-family: &quot;Helvetica Neue&quot;, Helvetica, &quot;PingFang SC&quot;, &quot;Hiragino Sans GB&quot;, &quot;Microsoft YaHei&quot;, &quot;Noto Sans CJK SC&quot;, &quot;WenQuanYi Micro Hei&quot;, Arial, sans-serif; white-space: normal;\"><p style=\"border: 0px; margin-top: 0px; margin-bottom: 0px; padding: 4px; line-height: 1.5em; overflow-wrap: break-word; word-break: break-all; font-size: 14px; background-image: initial; background-position: initial; background-size: initial; background-repeat: initial; background-attachment: initial; background-origin: initial; background-clip: initial; font-style: italic;\"><strong style=\"border: 0px; margin: 0px; padding: 0px;\">注意：</strong>在 Windows10 中，Path 变量里是分条显示的，我们需要将&nbsp;<strong style=\"border: 0px; margin: 0px; padding: 0px;\">%JAVA_HOME%in;%JAVA_HOME%jrein;</strong>&nbsp;分开添加，否则无法识别：</p><pre class=\"prettyprint prettyprinted\" style=\"border-left-width: 4px; border-color: rgb(221, 221, 221); margin: 15px auto; padding: 10px 15px; font-variant-numeric: normal; font-variant-east-asian: normal; font-stretch: normal; font-size: 12px; line-height: 20px; font-family: Menlo, Monaco, Consolas, &quot;Andale Mono&quot;, &quot;lucida console&quot;, &quot;Courier New&quot;, monospace; background: url(&quot;/images/codecolorer_bg.gif&quot;) center top rgb(251, 251, 251); word-break: normal !important; overflow-wrap: normal !important;\"><span class=\"pun\" style=\"border: 0px; margin: 0px; padding: 0px; color: rgb(102, 102, 0);\">%</span><span class=\"pln\" style=\"border: 0px; margin: 0px; padding: 0px; color: rgb(0, 0, 0);\">JAVA_HOME</span><span class=\"pun\" style=\"border: 0px; margin: 0px; padding: 0px; color: rgb(102, 102, 0);\">%</span><span class=\"pln\" style=\"border: 0px; margin: 0px; padding: 0px; color: rgb(0, 0, 0);\"></span><span class=\"kwd\" style=\"border: 0px; margin: 0px; padding: 0px; color: rgb(0, 0, 136);\">in</span><span class=\"pun\" style=\"border: 0px; margin: 0px; padding: 0px; color: rgb(102, 102, 0);\">;</span><span class=\"pln\" style=\"border: 0px; margin: 0px; padding: 0px; color: rgb(0, 0, 0);\"></span><span class=\"pun\" style=\"border: 0px; margin: 0px; padding: 0px; color: rgb(102, 102, 0);\">%</span><span class=\"pln\" style=\"border: 0px; margin: 0px; padding: 0px; color: rgb(0, 0, 0);\">JAVA_HOME</span><span class=\"pun\" style=\"border: 0px; margin: 0px; padding: 0px; color: rgb(102, 102, 0);\">%</span><span class=\"pln\" style=\"border: 0px; margin: 0px; padding: 0px; color: rgb(0, 0, 0);\">jre</span><span class=\"kwd\" style=\"border: 0px; margin: 0px; padding: 0px; color: rgb(0, 0, 136);\">in</span><span class=\"pun\" style=\"border: 0px; margin: 0px; padding: 0px; color: rgb(102, 102, 0);\">;</span></pre><p style=\"border: 0px; margin-top: 0px; margin-bottom: 0px; padding: 4px; line-height: 1.5em; overflow-wrap: break-word; word-break: break-all; font-size: 14px; background-image: initial; background-position: initial; background-size: initial; background-repeat: initial; background-attachment: initial; background-origin: initial; background-clip: initial; font-style: italic;\"><img decoding=\"async\" src=\"./upload/1671019832375.png\" style=\"border-style: initial; margin: 0px; padding: 0px; max-width: 100%; height: auto;\"/></p><p style=\"border: 0px; margin-top: 0px; margin-bottom: 0px; padding: 4px; line-height: 1.5em; overflow-wrap: break-word; word-break: break-all; font-size: 14px; background-image: initial; background-position: initial; background-size: initial; background-repeat: initial; background-attachment: initial; background-origin: initial; background-clip: initial; font-style: italic;\">更多内容可参考：<a href=\"./upload/1671019832399.png\" rel=\"noopener noreferrer\" target=\"_blank\" style=\"border: 0px; margin: 0px; padding: 0px; color: rgb(0, 102, 0); text-decoration-line: underline; transition-duration: 0.2s; transition-property: opacity; outline: none; font-size: 13px;\">Windows 10 配置Java 环境变量</a></p></blockquote><h3 style=\"border: 0px; margin: 8px 0px; padding: 0px; font-size: 1.4em; font-weight: 700; color: rgb(51, 51, 51); font-family: &quot;Helvetica Neue&quot;, Helvetica, &quot;PingFang SC&quot;, &quot;Hiragino Sans GB&quot;, &quot;Microsoft YaHei&quot;, &quot;Noto Sans CJK SC&quot;, &quot;WenQuanYi Micro Hei&quot;, Arial, sans-serif; white-space: normal;\">CLASSPATH 设置</h3><p style=\"border: 0px; margin-top: 0px; margin-bottom: 0px; padding: 0px; line-height: 2em; overflow-wrap: break-word; word-break: break-all; font-size: 13px; font-family: &quot;Helvetica Neue&quot;, Helvetica, &quot;PingFang SC&quot;, &quot;Hiragino Sans GB&quot;, &quot;Microsoft YaHei&quot;, &quot;Noto Sans CJK SC&quot;, &quot;WenQuanYi Micro Hei&quot;, Arial, sans-serif; color: rgb(51, 51, 51); white-space: normal;\"><img decoding=\"async\" src=\"./upload/1671019832823.png\" style=\"border-style: initial; margin: 0px; padding: 0px; max-width: 100%; height: auto;\"/></p><p style=\"border: 0px; margin-top: 0px; margin-bottom: 0px; padding: 0px; line-height: 2em; overflow-wrap: break-word; word-break: break-all; font-size: 13px; font-family: &quot;Helvetica Neue&quot;, Helvetica, &quot;PingFang SC&quot;, &quot;Hiragino Sans GB&quot;, &quot;Microsoft YaHei&quot;, &quot;Noto Sans CJK SC&quot;, &quot;WenQuanYi Micro Hei&quot;, Arial, sans-serif; color: rgb(51, 51, 51); white-space: normal;\">这是 Java 的环境配置，配置完成后，你可以启动 Eclipse 来编写代码，它会自动完成java环境的配置。</p><h3 style=\"border: 0px; margin: 8px 0px; padding: 0px; font-size: 1.4em; font-weight: 700; color: rgb(51, 51, 51); font-family: &quot;Helvetica Neue&quot;, Helvetica, &quot;PingFang SC&quot;, &quot;Hiragino Sans GB&quot;, &quot;Microsoft YaHei&quot;, &quot;Noto Sans CJK SC&quot;, &quot;WenQuanYi Micro Hei&quot;, Arial, sans-serif; white-space: normal;\">测试JDK是否安装成功</h3><p style=\"border: 0px; margin-top: 0px; margin-bottom: 0px; padding: 0px; line-height: 2em; overflow-wrap: break-word; word-break: break-all; font-size: 13px; font-family: &quot;Helvetica Neue&quot;, Helvetica, &quot;PingFang SC&quot;, &quot;Hiragino Sans GB&quot;, &quot;Microsoft YaHei&quot;, &quot;Noto Sans CJK SC&quot;, &quot;WenQuanYi Micro Hei&quot;, Arial, sans-serif; color: rgb(51, 51, 51); white-space: normal;\">1、&quot;开始&quot;-&gt;&quot;运行&quot;，键入&quot;cmd&quot;；</p><p style=\"border: 0px; margin-top: 0px; margin-bottom: 0px; padding: 0px; line-height: 2em; overflow-wrap: break-word; word-break: break-all; font-size: 13px; font-family: &quot;Helvetica Neue&quot;, Helvetica, &quot;PingFang SC&quot;, &quot;Hiragino Sans GB&quot;, &quot;Microsoft YaHei&quot;, &quot;Noto Sans CJK SC&quot;, &quot;WenQuanYi Micro Hei&quot;, Arial, sans-serif; color: rgb(51, 51, 51); white-space: normal;\">2、键入命令:&nbsp;<strong style=\"border: 0px; margin: 0px; padding: 0px;\">java -version</strong>、<strong style=\"border: 0px; margin: 0px; padding: 0px;\">java</strong>、<strong style=\"border: 0px; margin: 0px; padding: 0px;\">javac</strong>&nbsp;几个命令，出现以下信息，说明环境变量配置成功；</p><p style=\"border: 0px; margin-top: 0px; margin-bottom: 0px; padding: 0px; line-height: 2em; overflow-wrap: break-word; word-break: break-all; font-size: 13px; font-family: &quot;Helvetica Neue&quot;, Helvetica, &quot;PingFang SC&quot;, &quot;Hiragino Sans GB&quot;, &quot;Microsoft YaHei&quot;, &quot;Noto Sans CJK SC&quot;, &quot;WenQuanYi Micro Hei&quot;, Arial, sans-serif; color: rgb(51, 51, 51); white-space: normal;\"><img decoding=\"async\" src=\"./upload/1671019832846.png\" style=\"border-style: initial; margin: 0px; padding: 0px; max-width: 100%; height: auto;\"/></p><hr style=\"background-color: rgb(212, 212, 212); color: rgb(212, 212, 212); height: 1px; border-top: 0px; clear: both; font-family: &quot;Helvetica Neue&quot;, Helvetica, &quot;PingFang SC&quot;, &quot;Hiragino Sans GB&quot;, &quot;Microsoft YaHei&quot;, &quot;Noto Sans CJK SC&quot;, &quot;WenQuanYi Micro Hei&quot;, Arial, sans-serif; font-size: 12px; white-space: normal;\"/><h2 id=\"linux-install\" style=\"border: 0px; margin: 2px 0px; padding: 0px; font-size: 1.8em; line-height: 1.8em; color: rgb(51, 51, 51); font-family: &quot;Helvetica Neue&quot;, Helvetica, &quot;PingFang SC&quot;, &quot;Hiragino Sans GB&quot;, &quot;Microsoft YaHei&quot;, &quot;Noto Sans CJK SC&quot;, &quot;WenQuanYi Micro Hei&quot;, Arial, sans-serif; white-space: normal;\">Linux，UNIX，Solaris，FreeBSD环境变量设置</h2><p style=\"border: 0px; margin-top: 0px; margin-bottom: 0px; padding: 0px; line-height: 2em; overflow-wrap: break-word; word-break: break-all; font-size: 13px; font-family: &quot;Helvetica Neue&quot;, Helvetica, &quot;PingFang SC&quot;, &quot;Hiragino Sans GB&quot;, &quot;Microsoft YaHei&quot;, &quot;Noto Sans CJK SC&quot;, &quot;WenQuanYi Micro Hei&quot;, Arial, sans-serif; color: rgb(51, 51, 51); white-space: normal;\">环境变量PATH应该设定为指向Java二进制文件安装的位置。如果设置遇到困难，请参考shell文档。</p><p style=\"border: 0px; margin-top: 0px; margin-bottom: 0px; padding: 0px; line-height: 2em; overflow-wrap: break-word; word-break: break-all; font-size: 13px; font-family: &quot;Helvetica Neue&quot;, Helvetica, &quot;PingFang SC&quot;, &quot;Hiragino Sans GB&quot;, &quot;Microsoft YaHei&quot;, &quot;Noto Sans CJK SC&quot;, &quot;WenQuanYi Micro Hei&quot;, Arial, sans-serif; color: rgb(51, 51, 51); white-space: normal;\">例如，假设你使用bash作为shell，你可以把下面的内容添加到你的 .bashrc文件结尾: export PATH=/path/to/java:$PATH</p><hr style=\"background-color: rgb(212, 212, 212); color: rgb(212, 212, 212); height: 1px; border-top: 0px; clear: both; font-family: &quot;Helvetica Neue&quot;, Helvetica, &quot;PingFang SC&quot;, &quot;Hiragino Sans GB&quot;, &quot;Microsoft YaHei&quot;, &quot;Noto Sans CJK SC&quot;, &quot;WenQuanYi Micro Hei&quot;, Arial, sans-serif; font-size: 12px; white-space: normal;\"/><h2 id=\"eclipse-install\" style=\"border: 0px; margin: 2px 0px; padding: 0px; font-size: 1.8em; line-height: 1.8em; color: rgb(51, 51, 51); font-family: &quot;Helvetica Neue&quot;, Helvetica, &quot;PingFang SC&quot;, &quot;Hiragino Sans GB&quot;, &quot;Microsoft YaHei&quot;, &quot;Noto Sans CJK SC&quot;, &quot;WenQuanYi Micro Hei&quot;, Arial, sans-serif; white-space: normal;\">流行JAVA开发工具</h2><p style=\"border: 0px; margin-top: 0px; margin-bottom: 0px; padding: 0px; line-height: 2em; overflow-wrap: break-word; word-break: break-all; font-size: 13px; font-family: &quot;Helvetica Neue&quot;, Helvetica, &quot;PingFang SC&quot;, &quot;Hiragino Sans GB&quot;, &quot;Microsoft YaHei&quot;, &quot;Noto Sans CJK SC&quot;, &quot;WenQuanYi Micro Hei&quot;, Arial, sans-serif; color: rgb(51, 51, 51); white-space: normal;\">正所谓工欲善其事必先利其器，我们在开发java语言过程中同样需要一款不错的开发工具，目前市场上的IDE很多，本文为大家推荐以下下几款java开发工具：</p><ul style=\"border: 0px; margin-top: 1em; margin-bottom: 1em; line-height: 16.8px; color: rgb(51, 51, 51); font-family: &quot;Helvetica Neue&quot;, Helvetica, &quot;PingFang SC&quot;, &quot;Hiragino Sans GB&quot;, &quot;Microsoft YaHei&quot;, &quot;Noto Sans CJK SC&quot;, &quot;WenQuanYi Micro Hei&quot;, Arial, sans-serif; font-size: 12px; white-space: normal;\"><li style=\"border: 0px; margin-bottom: 1em; margin-left: 1em; padding-left: 1.5em; line-height: 1.5em; font-size: 13px; word-break: break-all; background-image: url(&quot;./assets/img/bullet.png&quot;); background-repeat: no-repeat; background-position: left 0.5em;\"><p style=\"border: 0px; margin-top: 0px; margin-bottom: 0px; padding: 0px 10px; line-height: 2em; overflow-wrap: break-word; word-break: break-all;\"><strong style=\"border: 0px; margin: 0px; padding: 0px;\">Eclipse（推荐）:</strong>另一个免费开源的java IDE，下载地址：&nbsp;<a href=\"./upload/1671019832871.png\" target=\"_blank\" rel=\"noopener noreferrer\" style=\"border: 0px; margin: 0px; padding: 0px; color: rgb(0, 102, 0); text-decoration-line: underline; transition-duration: 0.2s; transition-property: opacity; outline: none;\">./upload/1671019832871.png</a></p><p style=\"border: 0px; margin-top: 0px; margin-bottom: 0px; padding: 0px 10px; line-height: 2em; overflow-wrap: break-word; word-break: break-all;\">选择&nbsp;<strong style=\"border: 0px; margin: 0px; padding: 0px;\">Eclipse IDE for Java Developers</strong>：<br/><img decoding=\"async\" src=\"./upload/1671019833592.png\" style=\"border-style: initial; margin: 0px; padding: 0px; max-width: 100%; height: auto;\"/></p></li><li style=\"border: 0px; margin-bottom: 1em; margin-left: 1em; padding-left: 1.5em; line-height: 1.5em; font-size: 13px; word-break: break-all; background-image: url(&quot;./assets/img/bullet.png&quot;); background-repeat: no-repeat; background-position: left 0.5em;\"><strong style=\"border: 0px; margin: 0px; padding: 0px;\">JetBrains</strong>&nbsp;的 IDEA， 现在很多人开始使用了，功能很强大，下载地址：<a href=\"https://www.jetbrains.com/idea/download/\" rel=\"noopener noreferrer\" target=\"_blank\" style=\"border: 0px; margin: 0px; padding: 0px; color: rgb(0, 102, 0); transition-duration: 0.2s; transition-property: opacity; outline: none;\">https://www.jetbrains.com/idea/download/</a></li><li style=\"border: 0px; margin-bottom: 1em; margin-left: 1em; padding-left: 1.5em; line-height: 1.5em; font-size: 13px; word-break: break-all; background-image: url(&quot;./assets/img/bullet.png&quot;); background-repeat: no-repeat; background-position: left 0.5em;\"><strong style=\"border: 0px; margin: 0px; padding: 0px;\">VSCode :&nbsp;</strong>VSCode（全称：Visual Studio Code）是一款由微软开发且跨平台的免费源代码编辑器。安装教程：<a href=\"https://www.runoob.com/w3cnote/vscode-tutorial.html\" target=\"_blank\" rel=\"noopener noreferrer\" style=\"border: 0px; margin: 0px; padding: 0px; color: rgb(0, 102, 0); transition-duration: 0.2s; transition-property: opacity; outline: none;\">&nbsp;https://www.runoob.com/w3cnote/vscode-tutorial.html</a></li><li style=\"border: 0px; margin-bottom: 1em; margin-left: 1em; padding-left: 1.5em; line-height: 1.5em; font-size: 13px; word-break: break-all; background-image: url(&quot;./assets/img/bullet.png&quot;); background-repeat: no-repeat; background-position: left 0.5em;\"><strong style=\"border: 0px; margin: 0px; padding: 0px;\">Netbeans:</strong>开源免费的java IDE，下载地址：&nbsp;<a href=\"http://www.netbeans.org/index.html\" target=\"_blank\" rel=\"noopener noreferrer\" style=\"border: 0px; margin: 0px; padding: 0px; color: rgb(0, 102, 0); transition-duration: 0.2s; transition-property: opacity; outline: none;\">http://www.netbeans.org/index.html</a></li></ul><p><br/></p>', '2022-12-14 20:10:33');
INSERT INTO `zhishi` VALUES (10, 'Java基础语法', 'upload/1671035093014.png', 5, '<div class=\"article-body\" style=\"border: 0px; margin: 0px; padding: 10px 10px 20px; color: rgb(51, 51, 51); font-family: &quot;Helvetica Neue&quot;, Helvetica, &quot;PingFang SC&quot;, &quot;Hiragino Sans GB&quot;, &quot;Microsoft YaHei&quot;, &quot;Noto Sans CJK SC&quot;, &quot;WenQuanYi Micro Hei&quot;, Arial, sans-serif; font-size: 12px; white-space: normal;\"><div class=\"article-intro\" id=\"content\" style=\"border: 0px; margin: 0px; padding: 0px;\"><h1 style=\"border: 0px; margin-top: 0px; margin-bottom: 10px; padding: 0px; font-size: 2.1em; color: rgb(0, 0, 0); text-indent: initial;\">Java 基础语法</h1><p style=\"border: 0px; margin-top: 0px; margin-bottom: 0px; padding: 0px; line-height: 2em; overflow-wrap: break-word; word-break: break-all; font-size: 13px;\">一个 Java 程序可以认为是一系列对象的集合，而这些对象通过调用彼此的方法来协同工作。下面简要介绍下类、对象、方法和实例变量的概念。</p><ul style=\"border: 0px; margin-top: 1em; margin-bottom: 1em; line-height: 16.8px;\"><li style=\"border: 0px; margin-bottom: 1em; margin-left: 1em; padding-left: 1.5em; line-height: 1.5em; font-size: 13px; word-break: break-all; background-image: url(&quot;./assets/img/bullet.png&quot;); background-repeat: no-repeat; background-position: left 0.5em;\"><strong style=\"border: 0px; margin: 0px; padding: 0px;\">对象</strong>：对象是类的一个实例，有状态和行为。例如，一条狗是一个对象，它的状态有：颜色、名字、品种；行为有：摇尾巴、叫、吃等。</li><li style=\"border: 0px; margin-bottom: 1em; margin-left: 1em; padding-left: 1.5em; line-height: 1.5em; font-size: 13px; word-break: break-all; background-image: url(&quot;./assets/img/bullet.png&quot;); background-repeat: no-repeat; background-position: left 0.5em;\"><strong style=\"border: 0px; margin: 0px; padding: 0px;\">类</strong>：类是一个模板，它描述一类对象的行为和状态。</li><li style=\"border: 0px; margin-bottom: 1em; margin-left: 1em; padding-left: 1.5em; line-height: 1.5em; font-size: 13px; word-break: break-all; background-image: url(&quot;./assets/img/bullet.png&quot;); background-repeat: no-repeat; background-position: left 0.5em;\"><strong style=\"border: 0px; margin: 0px; padding: 0px;\">方法</strong>：方法就是行为，一个类可以有很多方法。逻辑运算、数据修改以及所有动作都是在方法中完成的。</li><li style=\"border: 0px; margin-bottom: 1em; margin-left: 1em; padding-left: 1.5em; line-height: 1.5em; font-size: 13px; word-break: break-all; background-image: url(&quot;./assets/img/bullet.png&quot;); background-repeat: no-repeat; background-position: left 0.5em;\"><strong style=\"border: 0px; margin: 0px; padding: 0px;\">实例变量</strong>：每个对象都有独特的实例变量，对象的状态由这些实例变量的值决定。</li></ul><hr style=\"background-color: rgb(212, 212, 212); color: rgb(212, 212, 212); height: 1px; border-top: 0px; clear: both;\"/><h2 style=\"border: 0px; margin: 2px 0px; padding: 0px; font-size: 1.8em; line-height: 1.8em;\">第一个Java程序</h2><p style=\"border: 0px; margin-top: 0px; margin-bottom: 0px; padding: 0px; line-height: 2em; overflow-wrap: break-word; word-break: break-all; font-size: 13px;\">下面看一个简单的 Java 程序，它将输出字符串&nbsp;<em style=\"border: 0px; margin: 0px; padding: 0px;\">Hello World</em></p><div class=\"example\" style=\"border: 1px solid rgb(212, 212, 212); margin: 0px 0px 5px; padding: 5px; width: 686.875px; color: rgb(0, 0, 0); background-color: rgb(229, 238, 204); background-image: linear-gradient(rgb(255, 255, 255), rgb(229, 238, 204) 100px);\"><h2 class=\"example\" style=\"border: 0px; margin: 0px 0px 2px; padding: 0px; font-size: 14.4px; line-height: 1.8em; color: rgb(97, 127, 16); background-color: transparent;\">实例</h2><div class=\"example_code\" style=\"border: 1px solid rgb(212, 212, 212); margin: 0px; padding: 5px; line-height: 1.4em; width: 673.138px; background-color: rgb(249, 249, 249); font-size: 13.2px; font-family: Menlo, Monaco, Consolas, &quot;Andale Mono&quot;, &quot;lucida console&quot;, &quot;Courier New&quot;, monospace; word-break: break-all; overflow-wrap: break-word;\"><div class=\"hl-main\" style=\"border: 0px; margin: 0px; padding: 0px; white-space: pre-wrap; word-break: break-all; overflow-wrap: break-word;\"><span class=\"hl-reserved\" style=\"border: 0px; margin: 0px; padding: 0px; color: green;\">public</span><span class=\"hl-code\" style=\"border: 0px; margin: 0px; padding: 0px; color: gray;\"> </span><span class=\"hl-reserved\" style=\"border: 0px; margin: 0px; padding: 0px; color: green;\">class</span><span class=\"hl-code\" style=\"border: 0px; margin: 0px; padding: 0px; color: gray;\"> </span><span class=\"hl-identifier\" style=\"border: 0px; margin: 0px; padding: 0px; color: rgb(0, 85, 170);\">HelloWorld</span><span class=\"hl-code\" style=\"border: 0px; margin: 0px; padding: 0px; color: gray;\"> </span><span class=\"hl-brackets\" style=\"border: 0px; margin: 0px; padding: 0px; color: olive;\">{</span><span class=\"hl-code\" style=\"border: 0px; margin: 0px; padding: 0px; color: gray;\">\r\n &nbsp; &nbsp;</span><span class=\"hl-comment\" style=\"border: 0px; margin: 0px; padding: 0px; color: rgb(170, 85, 0);\">/*</span><span class=\"hl-comment\" style=\"border: 0px; margin: 0px; padding: 0px; color: rgb(170, 85, 0);\"> 第一个Java程序\r\n &nbsp; &nbsp; * 它将输出字符串 Hello World &nbsp; &nbsp; </span><span class=\"hl-comment\" style=\"border: 0px; margin: 0px; padding: 0px; color: rgb(170, 85, 0);\">*/</span><span class=\"hl-code\" style=\"border: 0px; margin: 0px; padding: 0px; color: gray;\">\r\n &nbsp; &nbsp;</span><span class=\"hl-reserved\" style=\"border: 0px; margin: 0px; padding: 0px; color: green;\">public</span><span class=\"hl-code\" style=\"border: 0px; margin: 0px; padding: 0px; color: gray;\"> </span><span class=\"hl-types\" style=\"border: 0px; margin: 0px; padding: 0px;\">static</span><span class=\"hl-code\" style=\"border: 0px; margin: 0px; padding: 0px; color: gray;\"> </span><span class=\"hl-types\" style=\"border: 0px; margin: 0px; padding: 0px;\">void</span><span class=\"hl-code\" style=\"border: 0px; margin: 0px; padding: 0px; color: gray;\"> </span><span class=\"hl-identifier\" style=\"border: 0px; margin: 0px; padding: 0px; color: rgb(0, 85, 170);\">main</span><span class=\"hl-brackets\" style=\"border: 0px; margin: 0px; padding: 0px; color: olive;\">(</span><span class=\"hl-identifier\" style=\"border: 0px; margin: 0px; padding: 0px; color: rgb(0, 85, 170);\">String</span><span class=\"hl-brackets\" style=\"border: 0px; margin: 0px; padding: 0px; color: olive;\">[</span><span class=\"hl-brackets\" style=\"border: 0px; margin: 0px; padding: 0px; color: olive;\">]</span><span class=\"hl-code\" style=\"border: 0px; margin: 0px; padding: 0px; color: gray;\"> </span><span class=\"hl-identifier\" style=\"border: 0px; margin: 0px; padding: 0px; color: rgb(0, 85, 170);\">args</span><span class=\"hl-brackets\" style=\"border: 0px; margin: 0px; padding: 0px; color: olive;\">)</span><span class=\"hl-code\" style=\"border: 0px; margin: 0px; padding: 0px; color: gray;\"> </span><span class=\"hl-brackets\" style=\"border: 0px; margin: 0px; padding: 0px; color: olive;\">{</span><span class=\"hl-code\" style=\"border: 0px; margin: 0px; padding: 0px; color: gray;\">\r\n &nbsp; &nbsp; &nbsp; &nbsp;</span><span class=\"hl-identifier\" style=\"border: 0px; margin: 0px; padding: 0px; color: rgb(0, 85, 170);\">System</span><span class=\"hl-code\" style=\"border: 0px; margin: 0px; padding: 0px; color: gray;\">.</span><span class=\"hl-identifier\" style=\"border: 0px; margin: 0px; padding: 0px; color: rgb(0, 85, 170);\">out</span><span class=\"hl-code\" style=\"border: 0px; margin: 0px; padding: 0px; color: gray;\">.</span><span class=\"hl-identifier\" style=\"border: 0px; margin: 0px; padding: 0px; color: rgb(0, 85, 170);\">println</span><span class=\"hl-brackets\" style=\"border: 0px; margin: 0px; padding: 0px; color: olive;\">(</span><span class=\"hl-quotes\" style=\"border: 0px; margin: 0px; padding: 0px; color: rgb(139, 0, 0);\">&quot;</span><span class=\"hl-string\" style=\"border: 0px; margin: 0px; padding: 0px; color: rgb(170, 17, 17);\">Hello World</span><span class=\"hl-quotes\" style=\"border: 0px; margin: 0px; padding: 0px; color: rgb(139, 0, 0);\">&quot;</span><span class=\"hl-brackets\" style=\"border: 0px; margin: 0px; padding: 0px; color: olive;\">)</span><span class=\"hl-code\" style=\"border: 0px; margin: 0px; padding: 0px; color: gray;\">; </span><span class=\"hl-comment\" style=\"border: 0px; margin: 0px; padding: 0px; color: rgb(170, 85, 0);\">//</span><span class=\"hl-comment\" style=\"border: 0px; margin: 0px; padding: 0px; color: rgb(170, 85, 0);\"> 输出 Hello World</span><span class=\"hl-comment\" style=\"border: 0px; margin: 0px; padding: 0px; color: rgb(170, 85, 0);\"></span><span class=\"hl-code\" style=\"border: 0px; margin: 0px; padding: 0px; color: gray;\">\r\n &nbsp; &nbsp;</span><span class=\"hl-brackets\" style=\"border: 0px; margin: 0px; padding: 0px; color: olive;\">}</span><span class=\"hl-code\" style=\"border: 0px; margin: 0px; padding: 0px; color: gray;\"></span><span class=\"hl-brackets\" style=\"border: 0px; margin: 0px; padding: 0px; color: olive;\">}</span></div></div><br/><a target=\"_blank\" href=\"https://www.runoob.com/try/runcode.php?filename=HelloWorld2&type=java\" class=\"showbtn\" rel=\"noopener noreferrer\" style=\"border: 0px; margin: 0px 0px 5px 5px; padding: 4px 10px; color: rgb(255, 255, 255); transition-duration: 0.2s; transition-property: opacity; display: inline-block; background-color: rgb(140, 168, 109); font-weight: bold; font-size: 13px; text-align: center; border-radius: 2px; white-space: nowrap; outline: none;\">运行实例 »</a></div><p style=\"border: 0px; margin-top: 0px; margin-bottom: 0px; padding: 0px; line-height: 2em; overflow-wrap: break-word; word-break: break-all; font-size: 13px;\"><img decoding=\"async\" src=\"./upload/1671019981975.png\" style=\"border-style: initial; margin: 0px; padding: 0px; max-width: 100%; height: auto;\"/></p><p style=\"border: 0px; margin-top: 0px; margin-bottom: 0px; padding: 0px; line-height: 2em; overflow-wrap: break-word; word-break: break-all; font-size: 13px;\">下面将逐步介绍如何保存、编译以及运行这个程序：</p><ul style=\"border: 0px; margin-top: 1em; margin-bottom: 1em; line-height: 16.8px;\"><li style=\"border: 0px; margin-bottom: 1em; margin-left: 1em; padding-left: 1.5em; line-height: 1.5em; font-size: 13px; word-break: break-all; background-image: url(&quot;./assets/img/bullet.png&quot;); background-repeat: no-repeat; background-position: left 0.5em;\">打开代码编辑器，把上面的代码添加进去；</li><li style=\"border: 0px; margin-bottom: 1em; margin-left: 1em; padding-left: 1.5em; line-height: 1.5em; font-size: 13px; word-break: break-all; background-image: url(&quot;./assets/img/bullet.png&quot;); background-repeat: no-repeat; background-position: left 0.5em;\">把文件名保存为：HelloWorld.java；</li><li style=\"border: 0px; margin-bottom: 1em; margin-left: 1em; padding-left: 1.5em; line-height: 1.5em; font-size: 13px; word-break: break-all; background-image: url(&quot;./assets/img/bullet.png&quot;); background-repeat: no-repeat; background-position: left 0.5em;\">打开 cmd 命令窗口，进入目标文件所在的位置，假设是 C:</li><li style=\"border: 0px; margin-bottom: 1em; margin-left: 1em; padding-left: 1.5em; line-height: 1.5em; font-size: 13px; word-break: break-all; background-image: url(&quot;./assets/img/bullet.png&quot;); background-repeat: no-repeat; background-position: left 0.5em;\">在命令行窗口输入&nbsp;<span class=\"marked\" style=\"border: 0px; margin: 0px; padding: 0.2em; background-color: rgb(236, 234, 230); border-radius: 3px; font-weight: bold; font-family: SFMono-Regular, Consolas, &quot;Liberation Mono&quot;, Menlo, Courier, monospace;\">javac HelloWorld.java</span>&nbsp;按下回车键编译代码。如果代码没有错误，cmd 命令提示符会进入下一行（假设环境变量都设置好了）。</li><li style=\"border: 0px; margin-bottom: 1em; margin-left: 1em; padding-left: 1.5em; line-height: 1.5em; font-size: 13px; word-break: break-all; background-image: url(&quot;./assets/img/bullet.png&quot;); background-repeat: no-repeat; background-position: left 0.5em;\">再键输入&nbsp;<span class=\"marked\" style=\"border: 0px; margin: 0px; padding: 0.2em; background-color: rgb(236, 234, 230); border-radius: 3px; font-weight: bold; font-family: SFMono-Regular, Consolas, &quot;Liberation Mono&quot;, Menlo, Courier, monospace;\">java HelloWorld</span>&nbsp;按下回车键就可以运行程序了</li></ul><p style=\"border: 0px; margin-top: 0px; margin-bottom: 0px; padding: 0px; line-height: 2em; overflow-wrap: break-word; word-break: break-all; font-size: 13px;\">你将会在窗口看到 Hello World</p><pre class=\"prettyprint prettyprinted\" style=\"border-left-width: 4px; border-color: rgb(221, 221, 221); margin: 15px auto; padding: 10px 15px; font-variant-numeric: normal; font-variant-east-asian: normal; font-stretch: normal; font-size: 12px; line-height: 20px; font-family: Menlo, Monaco, Consolas, &quot;Andale Mono&quot;, &quot;lucida console&quot;, &quot;Courier New&quot;, monospace; background: url(&quot;/images/codecolorer_bg.gif&quot;) center top rgb(251, 251, 251); word-break: normal !important; overflow-wrap: normal !important;\"><span class=\"pln\" style=\"border: 0px; margin: 0px; padding: 0px; color: rgb(0, 0, 0);\">$ javac </span><span class=\"typ\" style=\"border: 0px; margin: 0px; padding: 0px; color: rgb(102, 0, 102);\">HelloWorld</span><span class=\"pun\" style=\"border: 0px; margin: 0px; padding: 0px; color: rgb(102, 102, 0);\">.</span><span class=\"pln\" style=\"border: 0px; margin: 0px; padding: 0px; color: rgb(0, 0, 0);\">java\r\n$ java </span><span class=\"typ\" style=\"border: 0px; margin: 0px; padding: 0px; color: rgb(102, 0, 102);\">HelloWorld</span><span class=\"pln\" style=\"border: 0px; margin: 0px; padding: 0px; color: rgb(0, 0, 0);\"> </span><span class=\"typ\" style=\"border: 0px; margin: 0px; padding: 0px; color: rgb(102, 0, 102);\">Hello</span><span class=\"pln\" style=\"border: 0px; margin: 0px; padding: 0px; color: rgb(0, 0, 0);\"> </span><span class=\"typ\" style=\"border: 0px; margin: 0px; padding: 0px; color: rgb(102, 0, 102);\">World</span></pre><p style=\"border: 0px; margin-top: 0px; margin-bottom: 0px; padding: 0px; line-height: 2em; overflow-wrap: break-word; word-break: break-all; font-size: 13px;\">如果遇到编码问题，我们可以使用&nbsp;<span class=\"marked\" style=\"border: 0px; margin: 0px; padding: 0.2em; background-color: rgb(236, 234, 230); border-radius: 3px; font-weight: bold; font-family: SFMono-Regular, Consolas, &quot;Liberation Mono&quot;, Menlo, Courier, monospace;\">-encoding</span>&nbsp;选项设置&nbsp;<strong style=\"border: 0px; margin: 0px; padding: 0px;\">utf-8</strong>&nbsp;来编译：</p><pre class=\"prettyprint prettyprinted\" style=\"border-left-width: 4px; border-color: rgb(221, 221, 221); margin: 15px auto; padding: 10px 15px; font-variant-numeric: normal; font-variant-east-asian: normal; font-stretch: normal; font-size: 12px; line-height: 20px; font-family: Menlo, Monaco, Consolas, &quot;Andale Mono&quot;, &quot;lucida console&quot;, &quot;Courier New&quot;, monospace; background: url(&quot;/images/codecolorer_bg.gif&quot;) center top rgb(251, 251, 251); word-break: normal !important; overflow-wrap: normal !important;\"><span class=\"pln\" style=\"border: 0px; margin: 0px; padding: 0px; color: rgb(0, 0, 0);\">javac </span><span class=\"pun\" style=\"border: 0px; margin: 0px; padding: 0px; color: rgb(102, 102, 0);\">-</span><span class=\"pln\" style=\"border: 0px; margin: 0px; padding: 0px; color: rgb(0, 0, 0);\">encoding UTF</span><span class=\"pun\" style=\"border: 0px; margin: 0px; padding: 0px; color: rgb(102, 102, 0);\">-</span><span class=\"lit\" style=\"border: 0px; margin: 0px; padding: 0px; color: rgb(0, 102, 102);\">8</span><span class=\"pln\" style=\"border: 0px; margin: 0px; padding: 0px; color: rgb(0, 0, 0);\"> </span><span class=\"typ\" style=\"border: 0px; margin: 0px; padding: 0px; color: rgb(102, 0, 102);\">HelloWorld</span><span class=\"pun\" style=\"border: 0px; margin: 0px; padding: 0px; color: rgb(102, 102, 0);\">.</span><span class=\"pln\" style=\"border: 0px; margin: 0px; padding: 0px; color: rgb(0, 0, 0);\">java \r\njava </span><span class=\"typ\" style=\"border: 0px; margin: 0px; padding: 0px; color: rgb(102, 0, 102);\">HelloWorld</span><span class=\"pln\" style=\"border: 0px; margin: 0px; padding: 0px; color: rgb(0, 0, 0);\"> </span></pre><p style=\"border: 0px; margin-top: 0px; margin-bottom: 0px; padding: 0px; line-height: 2em; overflow-wrap: break-word; word-break: break-all; font-size: 13px;\">Gif 图演示：</p><img decoding=\"async\" src=\"./upload/1671019982039.png\" style=\"border-style: initial; margin: 0px; padding: 0px; max-width: 100%; height: auto;\"/><hr style=\"background-color: rgb(212, 212, 212); color: rgb(212, 212, 212); height: 1px; border-top: 0px; clear: both;\"/><h2 style=\"border: 0px; margin: 2px 0px; padding: 0px; font-size: 1.8em; line-height: 1.8em;\">基本语法</h2><p style=\"border: 0px; margin-top: 0px; margin-bottom: 0px; padding: 0px; line-height: 2em; overflow-wrap: break-word; word-break: break-all; font-size: 13px;\">编写 Java 程序时，应注意以下几点：</p><ul style=\"border: 0px; margin-top: 1em; margin-bottom: 1em; line-height: 16.8px;\"><li style=\"border: 0px; margin-bottom: 1em; margin-left: 1em; padding-left: 1.5em; line-height: 1.5em; font-size: 13px; word-break: break-all; background-image: url(&quot;./assets/img/bullet.png&quot;); background-repeat: no-repeat; background-position: left 0.5em;\"><strong style=\"border: 0px; margin: 0px; padding: 0px;\">大小写敏感</strong>：Java 是大小写敏感的，这就意味着标识符 Hello 与 hello 是不同的。</li><li style=\"border: 0px; margin-bottom: 1em; margin-left: 1em; padding-left: 1.5em; line-height: 1.5em; font-size: 13px; word-break: break-all; background-image: url(&quot;./assets/img/bullet.png&quot;); background-repeat: no-repeat; background-position: left 0.5em;\"><strong style=\"border: 0px; margin: 0px; padding: 0px;\">类名</strong>：对于所有的类来说，类名的首字母应该大写。如果类名由若干单词组成，那么每个单词的首字母应该大写，例如&nbsp;<strong style=\"border: 0px; margin: 0px; padding: 0px;\">MyFirstJavaClass</strong>&nbsp;。</li><li style=\"border: 0px; margin-bottom: 1em; margin-left: 1em; padding-left: 1.5em; line-height: 1.5em; font-size: 13px; word-break: break-all; background-image: url(&quot;./assets/img/bullet.png&quot;); background-repeat: no-repeat; background-position: left 0.5em;\"><strong style=\"border: 0px; margin: 0px; padding: 0px;\">方法名</strong>：所有的方法名都应该以小写字母开头。如果方法名含有若干单词，则后面的每个单词首字母大写。</li><li style=\"border: 0px; margin-bottom: 1em; margin-left: 1em; padding-left: 1.5em; line-height: 1.5em; font-size: 13px; word-break: break-all; background-image: url(&quot;./assets/img/bullet.png&quot;); background-repeat: no-repeat; background-position: left 0.5em;\"><strong style=\"border: 0px; margin: 0px; padding: 0px;\">源文件名</strong>：源文件名必须和类名相同。当保存文件的时候，你应该使用类名作为文件名保存（切记 Java 是大小写敏感的），文件名的后缀为&nbsp;<strong style=\"border: 0px; margin: 0px; padding: 0px;\">.java</strong>。（如果文件名和类名不相同则会导致编译错误）。</li><li style=\"border: 0px; margin-bottom: 1em; margin-left: 1em; padding-left: 1.5em; line-height: 1.5em; font-size: 13px; word-break: break-all; background-image: url(&quot;./assets/img/bullet.png&quot;); background-repeat: no-repeat; background-position: left 0.5em;\"><strong style=\"border: 0px; margin: 0px; padding: 0px;\">主方法入口</strong>：所有的 Java 程序由&nbsp;<strong style=\"border: 0px; margin: 0px; padding: 0px;\">public static void main(String[] args)</strong>&nbsp;方法开始执行。</li></ul><hr style=\"background-color: rgb(212, 212, 212); color: rgb(212, 212, 212); height: 1px; border-top: 0px; clear: both;\"/><h2 style=\"border: 0px; margin: 2px 0px; padding: 0px; font-size: 1.8em; line-height: 1.8em;\">Java 标识符</h2><p style=\"border: 0px; margin-top: 0px; margin-bottom: 0px; padding: 0px; line-height: 2em; overflow-wrap: break-word; word-break: break-all; font-size: 13px;\">Java 所有的组成部分都需要名字。类名、变量名以及方法名都被称为标识符。</p><p style=\"border: 0px; margin-top: 0px; margin-bottom: 0px; padding: 0px; line-height: 2em; overflow-wrap: break-word; word-break: break-all; font-size: 13px;\">关于 Java 标识符，有以下几点需要注意：</p><ul style=\"border: 0px; margin-top: 1em; margin-bottom: 1em; line-height: 16.8px;\"><li style=\"border: 0px; margin-bottom: 1em; margin-left: 1em; padding-left: 1.5em; line-height: 1.5em; font-size: 13px; word-break: break-all; background-image: url(&quot;./assets/img/bullet.png&quot;); background-repeat: no-repeat; background-position: left 0.5em;\">所有的标识符都应该以字母（A-Z 或者 a-z）,美元符（$）、或者下划线（_）开始</li><li style=\"border: 0px; margin-bottom: 1em; margin-left: 1em; padding-left: 1.5em; line-height: 1.5em; font-size: 13px; word-break: break-all; background-image: url(&quot;./assets/img/bullet.png&quot;); background-repeat: no-repeat; background-position: left 0.5em;\">首字符之后可以是字母（A-Z 或者 a-z）,美元符（$）、下划线（_）或数字的任何字符组合</li><li style=\"border: 0px; margin-bottom: 1em; margin-left: 1em; padding-left: 1.5em; line-height: 1.5em; font-size: 13px; word-break: break-all; background-image: url(&quot;./assets/img/bullet.png&quot;); background-repeat: no-repeat; background-position: left 0.5em;\">关键字不能用作标识符</li><li style=\"border: 0px; margin-bottom: 1em; margin-left: 1em; padding-left: 1.5em; line-height: 1.5em; font-size: 13px; word-break: break-all; background-image: url(&quot;./assets/img/bullet.png&quot;); background-repeat: no-repeat; background-position: left 0.5em;\">标识符是大小写敏感的</li><li style=\"border: 0px; margin-bottom: 1em; margin-left: 1em; padding-left: 1.5em; line-height: 1.5em; font-size: 13px; word-break: break-all; background-image: url(&quot;./assets/img/bullet.png&quot;); background-repeat: no-repeat; background-position: left 0.5em;\">合法标识符举例：age、$salary、_value、__1_value</li><li style=\"border: 0px; margin-bottom: 1em; margin-left: 1em; padding-left: 1.5em; line-height: 1.5em; font-size: 13px; word-break: break-all; background-image: url(&quot;./assets/img/bullet.png&quot;); background-repeat: no-repeat; background-position: left 0.5em;\">非法标识符举例：123abc、-salary</li></ul><hr style=\"background-color: rgb(212, 212, 212); color: rgb(212, 212, 212); height: 1px; border-top: 0px; clear: both;\"/><h2 style=\"border: 0px; margin: 2px 0px; padding: 0px; font-size: 1.8em; line-height: 1.8em;\">Java修饰符</h2><p style=\"border: 0px; margin-top: 0px; margin-bottom: 0px; padding: 0px; line-height: 2em; overflow-wrap: break-word; word-break: break-all; font-size: 13px;\">像其他语言一样，Java可以使用修饰符来修饰类中方法和属性。主要有两类修饰符：</p><ul style=\"border: 0px; margin-top: 1em; margin-bottom: 1em; line-height: 16.8px;\"><li style=\"border: 0px; margin-bottom: 1em; margin-left: 1em; padding-left: 1.5em; line-height: 1.5em; font-size: 13px; word-break: break-all; background-image: url(&quot;./assets/img/bullet.png&quot;); background-repeat: no-repeat; background-position: left 0.5em;\">访问控制修饰符 : default, public , protected, private</li><li style=\"border: 0px; margin-bottom: 1em; margin-left: 1em; padding-left: 1.5em; line-height: 1.5em; font-size: 13px; word-break: break-all; background-image: url(&quot;./assets/img/bullet.png&quot;); background-repeat: no-repeat; background-position: left 0.5em;\">非访问控制修饰符 : final, abstract, static, synchronized</li></ul><p style=\"border: 0px; margin-top: 0px; margin-bottom: 0px; padding: 0px; line-height: 2em; overflow-wrap: break-word; word-break: break-all; font-size: 13px;\">在后面的章节中我们会深入讨论 Java 修饰符。</p><hr style=\"background-color: rgb(212, 212, 212); color: rgb(212, 212, 212); height: 1px; border-top: 0px; clear: both;\"/><h2 style=\"border: 0px; margin: 2px 0px; padding: 0px; font-size: 1.8em; line-height: 1.8em;\">Java 变量</h2>Java 中主要有如下几种类型的变量<br/><ul style=\"border: 0px; margin-top: 1em; margin-bottom: 1em; line-height: 16.8px;\"><li style=\"border: 0px; margin-bottom: 1em; margin-left: 1em; padding-left: 1.5em; line-height: 1.5em; font-size: 13px; word-break: break-all; background-image: url(&quot;./assets/img/bullet.png&quot;); background-repeat: no-repeat; background-position: left 0.5em;\">局部变量</li><li style=\"border: 0px; margin-bottom: 1em; margin-left: 1em; padding-left: 1.5em; line-height: 1.5em; font-size: 13px; word-break: break-all; background-image: url(&quot;./assets/img/bullet.png&quot;); background-repeat: no-repeat; background-position: left 0.5em;\">类变量（静态变量）</li><li style=\"border: 0px; margin-bottom: 1em; margin-left: 1em; padding-left: 1.5em; line-height: 1.5em; font-size: 13px; word-break: break-all; background-image: url(&quot;./assets/img/bullet.png&quot;); background-repeat: no-repeat; background-position: left 0.5em;\">成员变量（非静态变量）</li></ul><hr style=\"background-color: rgb(212, 212, 212); color: rgb(212, 212, 212); height: 1px; border-top: 0px; clear: both;\"/><h2 style=\"border: 0px; margin: 2px 0px; padding: 0px; font-size: 1.8em; line-height: 1.8em;\">Java 数组</h2><p style=\"border: 0px; margin-top: 0px; margin-bottom: 0px; padding: 0px; line-height: 2em; overflow-wrap: break-word; word-break: break-all; font-size: 13px;\">数组是储存在堆上的对象，可以保存多个同类型变量。在后面的章节中，我们将会学到如何声明、构造以及初始化一个数组。</p><hr style=\"background-color: rgb(212, 212, 212); color: rgb(212, 212, 212); height: 1px; border-top: 0px; clear: both;\"/><h2 style=\"border: 0px; margin: 2px 0px; padding: 0px; font-size: 1.8em; line-height: 1.8em;\">Java 枚举</h2><p style=\"border: 0px; margin-top: 0px; margin-bottom: 0px; padding: 0px; line-height: 2em; overflow-wrap: break-word; word-break: break-all; font-size: 13px;\">Java 5.0引入了枚举，枚举限制变量只能是预先设定好的值。使用枚举可以减少代码中的 bug。</p><p style=\"border: 0px; margin-top: 0px; margin-bottom: 0px; padding: 0px; line-height: 2em; overflow-wrap: break-word; word-break: break-all; font-size: 13px;\">例如，我们为果汁店设计一个程序，它将限制果汁为小杯、中杯、大杯。这就意味着它不允许顾客点除了这三种尺寸外的果汁。</p><h3 style=\"border: 0px; margin: 8px 0px; padding: 0px; font-size: 1.4em; font-weight: 700;\">实例</h3><div class=\"example\" style=\"border: 1px solid rgb(212, 212, 212); margin: 0px 0px 5px; padding: 5px; width: 686.875px; color: rgb(0, 0, 0); background-color: rgb(229, 238, 204); background-image: linear-gradient(rgb(255, 255, 255), rgb(229, 238, 204) 100px);\"><div class=\"example_code\" style=\"border: 1px solid rgb(212, 212, 212); margin: 0px; padding: 5px; line-height: 1.4em; width: 673.138px; background-color: rgb(249, 249, 249); font-size: 13.2px; font-family: Menlo, Monaco, Consolas, &quot;Andale Mono&quot;, &quot;lucida console&quot;, &quot;Courier New&quot;, monospace; word-break: break-all; overflow-wrap: break-word;\"><div class=\"hl-main\" style=\"border: 0px; margin: 0px; padding: 0px; white-space: pre-wrap; word-break: break-all; overflow-wrap: break-word;\"><span class=\"hl-reserved\" style=\"border: 0px; margin: 0px; padding: 0px; color: green;\">class</span><span class=\"hl-code\" style=\"border: 0px; margin: 0px; padding: 0px; color: gray;\"> </span><span class=\"hl-identifier\" style=\"border: 0px; margin: 0px; padding: 0px; color: rgb(0, 85, 170);\">FreshJuice</span><span class=\"hl-code\" style=\"border: 0px; margin: 0px; padding: 0px; color: gray;\"> </span><span class=\"hl-brackets\" style=\"border: 0px; margin: 0px; padding: 0px; color: olive;\">{</span><span class=\"hl-code\" style=\"border: 0px; margin: 0px; padding: 0px; color: gray;\">\r\n &nbsp; </span><span class=\"hl-identifier\" style=\"border: 0px; margin: 0px; padding: 0px; color: rgb(0, 85, 170);\">enum</span><span class=\"hl-code\" style=\"border: 0px; margin: 0px; padding: 0px; color: gray;\"> </span><span class=\"hl-identifier\" style=\"border: 0px; margin: 0px; padding: 0px; color: rgb(0, 85, 170);\">FreshJuiceSize</span><span class=\"hl-brackets\" style=\"border: 0px; margin: 0px; padding: 0px; color: olive;\">{</span><span class=\"hl-code\" style=\"border: 0px; margin: 0px; padding: 0px; color: gray;\"> </span><span class=\"hl-identifier\" style=\"border: 0px; margin: 0px; padding: 0px; color: rgb(0, 85, 170);\">SMALL</span><span class=\"hl-code\" style=\"border: 0px; margin: 0px; padding: 0px; color: gray;\">, </span><span class=\"hl-identifier\" style=\"border: 0px; margin: 0px; padding: 0px; color: rgb(0, 85, 170);\">MEDIUM</span><span class=\"hl-code\" style=\"border: 0px; margin: 0px; padding: 0px; color: gray;\"> , </span><span class=\"hl-identifier\" style=\"border: 0px; margin: 0px; padding: 0px; color: rgb(0, 85, 170);\">LARGE</span><span class=\"hl-code\" style=\"border: 0px; margin: 0px; padding: 0px; color: gray;\"> </span><span class=\"hl-brackets\" style=\"border: 0px; margin: 0px; padding: 0px; color: olive;\">}</span><span class=\"hl-code\" style=\"border: 0px; margin: 0px; padding: 0px; color: gray;\">\r\n &nbsp; </span><span class=\"hl-identifier\" style=\"border: 0px; margin: 0px; padding: 0px; color: rgb(0, 85, 170);\">FreshJuiceSize</span><span class=\"hl-code\" style=\"border: 0px; margin: 0px; padding: 0px; color: gray;\"> </span><span class=\"hl-identifier\" style=\"border: 0px; margin: 0px; padding: 0px; color: rgb(0, 85, 170);\">size</span><span class=\"hl-code\" style=\"border: 0px; margin: 0px; padding: 0px; color: gray;\">;</span><span class=\"hl-brackets\" style=\"border: 0px; margin: 0px; padding: 0px; color: olive;\">}</span><span class=\"hl-code\" style=\"border: 0px; margin: 0px; padding: 0px; color: gray;\">\r\n </span><span class=\"hl-reserved\" style=\"border: 0px; margin: 0px; padding: 0px; color: green;\">public</span><span class=\"hl-code\" style=\"border: 0px; margin: 0px; padding: 0px; color: gray;\"> </span><span class=\"hl-reserved\" style=\"border: 0px; margin: 0px; padding: 0px; color: green;\">class</span><span class=\"hl-code\" style=\"border: 0px; margin: 0px; padding: 0px; color: gray;\"> </span><span class=\"hl-identifier\" style=\"border: 0px; margin: 0px; padding: 0px; color: rgb(0, 85, 170);\">FreshJuiceTest</span><span class=\"hl-code\" style=\"border: 0px; margin: 0px; padding: 0px; color: gray;\"> </span><span class=\"hl-brackets\" style=\"border: 0px; margin: 0px; padding: 0px; color: olive;\">{</span><span class=\"hl-code\" style=\"border: 0px; margin: 0px; padding: 0px; color: gray;\">\r\n &nbsp; </span><span class=\"hl-reserved\" style=\"border: 0px; margin: 0px; padding: 0px; color: green;\">public</span><span class=\"hl-code\" style=\"border: 0px; margin: 0px; padding: 0px; color: gray;\"> </span><span class=\"hl-types\" style=\"border: 0px; margin: 0px; padding: 0px;\">static</span><span class=\"hl-code\" style=\"border: 0px; margin: 0px; padding: 0px; color: gray;\"> </span><span class=\"hl-types\" style=\"border: 0px; margin: 0px; padding: 0px;\">void</span><span class=\"hl-code\" style=\"border: 0px; margin: 0px; padding: 0px; color: gray;\"> </span><span class=\"hl-identifier\" style=\"border: 0px; margin: 0px; padding: 0px; color: rgb(0, 85, 170);\">main</span><span class=\"hl-brackets\" style=\"border: 0px; margin: 0px; padding: 0px; color: olive;\">(</span><span class=\"hl-identifier\" style=\"border: 0px; margin: 0px; padding: 0px; color: rgb(0, 85, 170);\">String</span><span class=\"hl-brackets\" style=\"border: 0px; margin: 0px; padding: 0px; color: olive;\">[</span><span class=\"hl-brackets\" style=\"border: 0px; margin: 0px; padding: 0px; color: olive;\">]</span><span class=\"hl-code\" style=\"border: 0px; margin: 0px; padding: 0px; color: gray;\"> </span><span class=\"hl-identifier\" style=\"border: 0px; margin: 0px; padding: 0px; color: rgb(0, 85, 170);\">args</span><span class=\"hl-brackets\" style=\"border: 0px; margin: 0px; padding: 0px; color: olive;\">)</span><span class=\"hl-brackets\" style=\"border: 0px; margin: 0px; padding: 0px; color: olive;\">{</span><span class=\"hl-code\" style=\"border: 0px; margin: 0px; padding: 0px; color: gray;\">\r\n &nbsp; &nbsp; &nbsp;</span><span class=\"hl-identifier\" style=\"border: 0px; margin: 0px; padding: 0px; color: rgb(0, 85, 170);\">FreshJuice</span><span class=\"hl-code\" style=\"border: 0px; margin: 0px; padding: 0px; color: gray;\"> </span><span class=\"hl-identifier\" style=\"border: 0px; margin: 0px; padding: 0px; color: rgb(0, 85, 170);\">juice</span><span class=\"hl-code\" style=\"border: 0px; margin: 0px; padding: 0px; color: gray;\"> = </span><span class=\"hl-reserved\" style=\"border: 0px; margin: 0px; padding: 0px; color: green;\">new</span><span class=\"hl-code\" style=\"border: 0px; margin: 0px; padding: 0px; color: gray;\"> </span><span class=\"hl-identifier\" style=\"border: 0px; margin: 0px; padding: 0px; color: rgb(0, 85, 170);\">FreshJuice</span><span class=\"hl-brackets\" style=\"border: 0px; margin: 0px; padding: 0px; color: olive;\">(</span><span class=\"hl-brackets\" style=\"border: 0px; margin: 0px; padding: 0px; color: olive;\">)</span><span class=\"hl-code\" style=\"border: 0px; margin: 0px; padding: 0px; color: gray;\">; &nbsp; &nbsp; &nbsp;</span><span class=\"hl-identifier\" style=\"border: 0px; margin: 0px; padding: 0px; color: rgb(0, 85, 170);\">juice</span><span class=\"hl-code\" style=\"border: 0px; margin: 0px; padding: 0px; color: gray;\">.</span><span class=\"hl-identifier\" style=\"border: 0px; margin: 0px; padding: 0px; color: rgb(0, 85, 170);\">size</span><span class=\"hl-code\" style=\"border: 0px; margin: 0px; padding: 0px; color: gray;\"> = </span><span class=\"hl-identifier\" style=\"border: 0px; margin: 0px; padding: 0px; color: rgb(0, 85, 170);\">FreshJuice</span><span class=\"hl-code\" style=\"border: 0px; margin: 0px; padding: 0px; color: gray;\">.</span><span class=\"hl-identifier\" style=\"border: 0px; margin: 0px; padding: 0px; color: rgb(0, 85, 170);\">FreshJuiceSize</span><span class=\"hl-code\" style=\"border: 0px; margin: 0px; padding: 0px; color: gray;\">.</span><span class=\"hl-identifier\" style=\"border: 0px; margin: 0px; padding: 0px; color: rgb(0, 85, 170);\">MEDIUM</span><span class=\"hl-code\" style=\"border: 0px; margin: 0px; padding: 0px; color: gray;\"> &nbsp;; &nbsp; </span><span class=\"hl-brackets\" style=\"border: 0px; margin: 0px; padding: 0px; color: olive;\">}</span><span class=\"hl-code\" style=\"border: 0px; margin: 0px; padding: 0px; color: gray;\"></span><span class=\"hl-brackets\" style=\"border: 0px; margin: 0px; padding: 0px; color: olive;\">}</span></div></div></div><p style=\"border: 0px; margin-top: 0px; margin-bottom: 0px; padding: 0px; line-height: 2em; overflow-wrap: break-word; word-break: break-all; font-size: 13px;\"><strong style=\"border: 0px; margin: 0px; padding: 0px;\">注意：</strong>枚举可以单独声明或者声明在类里面。方法、变量、构造函数也可以在枚举中定义。</p><hr style=\"background-color: rgb(212, 212, 212); color: rgb(212, 212, 212); height: 1px; border-top: 0px; clear: both;\"/><h2 style=\"border: 0px; margin: 2px 0px; padding: 0px; font-size: 1.8em; line-height: 1.8em;\">Java 关键字</h2><p style=\"border: 0px; margin-top: 0px; margin-bottom: 0px; padding: 0px; line-height: 2em; overflow-wrap: break-word; word-break: break-all; font-size: 13px;\">下面列出了 Java 关键字。这些保留字不能用于常量、变量、和任何标识符的名称。</p><table class=\"reference\" style=\"border: 0px; margin-top: 4px; margin-bottom: 4px; padding: 0px; width: 700.9px;\"><tbody style=\"border: 0px; margin: 0px; padding: 0px;\"><tr style=\"border: 0px; margin: 0px; padding: 0px; background-color: rgb(246, 244, 240);\"><th style=\"border: 1px solid rgb(85, 85, 85); margin: 0px; padding: 3px; font-size: 13px; color: rgb(255, 255, 255); background-color: rgb(85, 85, 85); vertical-align: top;\">类别</th><th style=\"border: 1px solid rgb(85, 85, 85); margin: 0px; padding: 3px; font-size: 13px; color: rgb(255, 255, 255); background-color: rgb(85, 85, 85); vertical-align: top;\">关键字</th><th style=\"border: 1px solid rgb(85, 85, 85); margin: 0px; padding: 3px; font-size: 13px; color: rgb(255, 255, 255); background-color: rgb(85, 85, 85); vertical-align: top;\">说明</th></tr><tr style=\"border: 0px; margin: 0px; padding: 0px;\"><td rowspan=\"4\" align=\"center\" style=\"border-color: rgb(212, 212, 212); margin: 0px; padding: 7px 5px; font-size: 13px; min-width: 24px; line-height: 2em; vertical-align: top;\">访问控制</td><td style=\"border-color: rgb(212, 212, 212); margin: 0px; padding: 7px 5px; font-size: 13px; line-height: 2em; min-width: 24px; vertical-align: top;\">private</td><td style=\"border-color: rgb(212, 212, 212); margin: 0px; padding: 7px 5px; font-size: 13px; line-height: 2em; min-width: 24px; vertical-align: top;\">私有的</td></tr><tr style=\"border: 0px; margin: 0px; padding: 0px; background-color: rgb(246, 244, 240);\"><td style=\"border-color: rgb(212, 212, 212); margin: 0px; padding: 7px 5px; font-size: 13px; min-width: 24px; line-height: 2em; vertical-align: top;\">protected</td><td style=\"border-color: rgb(212, 212, 212); margin: 0px; padding: 7px 5px; font-size: 13px; line-height: 2em; min-width: 24px; vertical-align: top;\">受保护的</td></tr><tr style=\"border: 0px; margin: 0px; padding: 0px;\"><td style=\"border-color: rgb(212, 212, 212); margin: 0px; padding: 7px 5px; font-size: 13px; min-width: 24px; line-height: 2em; vertical-align: top;\">public</td><td style=\"border-color: rgb(212, 212, 212); margin: 0px; padding: 7px 5px; font-size: 13px; line-height: 2em; min-width: 24px; vertical-align: top;\">公共的</td></tr><tr style=\"border: 0px; margin: 0px; padding: 0px; background-color: rgb(246, 244, 240);\"><td style=\"border-color: rgb(212, 212, 212); margin: 0px; padding: 7px 5px; font-size: 13px; min-width: 24px; line-height: 2em; vertical-align: top;\">default</td><td style=\"border-color: rgb(212, 212, 212); margin: 0px; padding: 7px 5px; font-size: 13px; line-height: 2em; min-width: 24px; vertical-align: top;\">默认</td></tr><tr style=\"border: 0px; margin: 0px; padding: 0px;\"><td rowspan=\"13\" align=\"center\" style=\"border-color: rgb(212, 212, 212); margin: 0px; padding: 7px 5px; font-size: 13px; min-width: 24px; line-height: 2em; vertical-align: top;\">类、方法和变量修饰符</td><td style=\"border-color: rgb(212, 212, 212); margin: 0px; padding: 7px 5px; font-size: 13px; line-height: 2em; min-width: 24px; vertical-align: top;\">abstract</td><td style=\"border-color: rgb(212, 212, 212); margin: 0px; padding: 7px 5px; font-size: 13px; line-height: 2em; min-width: 24px; vertical-align: top;\">声明抽象</td></tr><tr style=\"border: 0px; margin: 0px; padding: 0px; background-color: rgb(246, 244, 240);\"><td style=\"border-color: rgb(212, 212, 212); margin: 0px; padding: 7px 5px; font-size: 13px; min-width: 24px; line-height: 2em; vertical-align: top;\">class</td><td style=\"border-color: rgb(212, 212, 212); margin: 0px; padding: 7px 5px; font-size: 13px; line-height: 2em; min-width: 24px; vertical-align: top;\">类</td></tr><tr style=\"border: 0px; margin: 0px; padding: 0px;\"><td style=\"border-color: rgb(212, 212, 212); margin: 0px; padding: 7px 5px; font-size: 13px; min-width: 24px; line-height: 2em; vertical-align: top;\">extends</td><td style=\"border-color: rgb(212, 212, 212); margin: 0px; padding: 7px 5px; font-size: 13px; line-height: 2em; min-width: 24px; vertical-align: top;\">扩充,继承</td></tr><tr style=\"border: 0px; margin: 0px; padding: 0px; background-color: rgb(246, 244, 240);\"><td style=\"border-color: rgb(212, 212, 212); margin: 0px; padding: 7px 5px; font-size: 13px; min-width: 24px; line-height: 2em; vertical-align: top;\">final</td><td style=\"border-color: rgb(212, 212, 212); margin: 0px; padding: 7px 5px; font-size: 13px; line-height: 2em; min-width: 24px; vertical-align: top;\">最终值,不可改变的</td></tr><tr style=\"border: 0px; margin: 0px; padding: 0px;\"><td style=\"border-color: rgb(212, 212, 212); margin: 0px; padding: 7px 5px; font-size: 13px; min-width: 24px; line-height: 2em; vertical-align: top;\">implements</td><td style=\"border-color: rgb(212, 212, 212); margin: 0px; padding: 7px 5px; font-size: 13px; line-height: 2em; min-width: 24px; vertical-align: top;\">实现（接口）</td></tr><tr style=\"border: 0px; margin: 0px; padding: 0px; background-color: rgb(246, 244, 240);\"><td style=\"border-color: rgb(212, 212, 212); margin: 0px; padding: 7px 5px; font-size: 13px; min-width: 24px; line-height: 2em; vertical-align: top;\">interface</td><td style=\"border-color: rgb(212, 212, 212); margin: 0px; padding: 7px 5px; font-size: 13px; line-height: 2em; min-width: 24px; vertical-align: top;\">接口</td></tr><tr style=\"border: 0px; margin: 0px; padding: 0px;\"><td style=\"border-color: rgb(212, 212, 212); margin: 0px; padding: 7px 5px; font-size: 13px; min-width: 24px; line-height: 2em; vertical-align: top;\">native</td><td style=\"border-color: rgb(212, 212, 212); margin: 0px; padding: 7px 5px; font-size: 13px; line-height: 2em; min-width: 24px; vertical-align: top;\">本地，原生方法（非 Java 实现）</td></tr><tr style=\"border: 0px; margin: 0px; padding: 0px; background-color: rgb(246, 244, 240);\"><td style=\"border-color: rgb(212, 212, 212); margin: 0px; padding: 7px 5px; font-size: 13px; min-width: 24px; line-height: 2em; vertical-align: top;\">new</td><td style=\"border-color: rgb(212, 212, 212); margin: 0px; padding: 7px 5px; font-size: 13px; line-height: 2em; min-width: 24px; vertical-align: top;\">新,创建</td></tr><tr style=\"border: 0px; margin: 0px; padding: 0px;\"><td style=\"border-color: rgb(212, 212, 212); margin: 0px; padding: 7px 5px; font-size: 13px; min-width: 24px; line-height: 2em; vertical-align: top;\">static</td><td style=\"border-color: rgb(212, 212, 212); margin: 0px; padding: 7px 5px; font-size: 13px; line-height: 2em; min-width: 24px; vertical-align: top;\">静态</td></tr><tr style=\"border: 0px; margin: 0px; padding: 0px; background-color: rgb(246, 244, 240);\"><td style=\"border-color: rgb(212, 212, 212); margin: 0px; padding: 7px 5px; font-size: 13px; min-width: 24px; line-height: 2em; vertical-align: top;\">strictfp</td><td style=\"border-color: rgb(212, 212, 212); margin: 0px; padding: 7px 5px; font-size: 13px; line-height: 2em; min-width: 24px; vertical-align: top;\">严格,精准</td></tr><tr style=\"border: 0px; margin: 0px; padding: 0px;\"><td style=\"border-color: rgb(212, 212, 212); margin: 0px; padding: 7px 5px; font-size: 13px; min-width: 24px; line-height: 2em; vertical-align: top;\">synchronized</td><td style=\"border-color: rgb(212, 212, 212); margin: 0px; padding: 7px 5px; font-size: 13px; line-height: 2em; min-width: 24px; vertical-align: top;\">线程,同步</td></tr><tr style=\"border: 0px; margin: 0px; padding: 0px; background-color: rgb(246, 244, 240);\"><td style=\"border-color: rgb(212, 212, 212); margin: 0px; padding: 7px 5px; font-size: 13px; min-width: 24px; line-height: 2em; vertical-align: top;\">transient</td><td style=\"border-color: rgb(212, 212, 212); margin: 0px; padding: 7px 5px; font-size: 13px; line-height: 2em; min-width: 24px; vertical-align: top;\">短暂</td></tr><tr style=\"border: 0px; margin: 0px; padding: 0px;\"><td style=\"border-color: rgb(212, 212, 212); margin: 0px; padding: 7px 5px; font-size: 13px; min-width: 24px; line-height: 2em; vertical-align: top;\">volatile</td><td style=\"border-color: rgb(212, 212, 212); margin: 0px; padding: 7px 5px; font-size: 13px; line-height: 2em; min-width: 24px; vertical-align: top;\">易失</td></tr><tr style=\"border: 0px; margin: 0px; padding: 0px; background-color: rgb(246, 244, 240);\"><td rowspan=\"11\" align=\"center\" style=\"border-color: rgb(212, 212, 212); margin: 0px; padding: 7px 5px; font-size: 13px; min-width: 24px; line-height: 2em; vertical-align: top;\">程序控制语句</td><td style=\"border-color: rgb(212, 212, 212); margin: 0px; padding: 7px 5px; font-size: 13px; line-height: 2em; min-width: 24px; vertical-align: top;\">break</td><td style=\"border-color: rgb(212, 212, 212); margin: 0px; padding: 7px 5px; font-size: 13px; line-height: 2em; min-width: 24px; vertical-align: top;\">跳出循环</td></tr><tr style=\"border: 0px; margin: 0px; padding: 0px;\"><td style=\"border-color: rgb(212, 212, 212); margin: 0px; padding: 7px 5px; font-size: 13px; min-width: 24px; line-height: 2em; vertical-align: top;\">case</td><td style=\"border-color: rgb(212, 212, 212); margin: 0px; padding: 7px 5px; font-size: 13px; line-height: 2em; min-width: 24px; vertical-align: top;\">定义一个值以供 switch 选择</td></tr><tr style=\"border: 0px; margin: 0px; padding: 0px; background-color: rgb(246, 244, 240);\"><td style=\"border-color: rgb(212, 212, 212); margin: 0px; padding: 7px 5px; font-size: 13px; min-width: 24px; line-height: 2em; vertical-align: top;\">continue</td><td style=\"border-color: rgb(212, 212, 212); margin: 0px; padding: 7px 5px; font-size: 13px; line-height: 2em; min-width: 24px; vertical-align: top;\">继续</td></tr><tr style=\"border: 0px; margin: 0px; padding: 0px;\"><td style=\"border-color: rgb(212, 212, 212); margin: 0px; padding: 7px 5px; font-size: 13px; min-width: 24px; line-height: 2em; vertical-align: top;\">do</td><td style=\"border-color: rgb(212, 212, 212); margin: 0px; padding: 7px 5px; font-size: 13px; line-height: 2em; min-width: 24px; vertical-align: top;\">运行</td></tr><tr style=\"border: 0px; margin: 0px; padding: 0px; background-color: rgb(246, 244, 240);\"><td style=\"border-color: rgb(212, 212, 212); margin: 0px; padding: 7px 5px; font-size: 13px; min-width: 24px; line-height: 2em; vertical-align: top;\">else</td><td style=\"border-color: rgb(212, 212, 212); margin: 0px; padding: 7px 5px; font-size: 13px; line-height: 2em; min-width: 24px; vertical-align: top;\">否则</td></tr><tr style=\"border: 0px; margin: 0px; padding: 0px;\"><td style=\"border-color: rgb(212, 212, 212); margin: 0px; padding: 7px 5px; font-size: 13px; min-width: 24px; line-height: 2em; vertical-align: top;\">for</td><td style=\"border-color: rgb(212, 212, 212); margin: 0px; padding: 7px 5px; font-size: 13px; line-height: 2em; min-width: 24px; vertical-align: top;\">循环</td></tr><tr style=\"border: 0px; margin: 0px; padding: 0px; background-color: rgb(246, 244, 240);\"><td style=\"border-color: rgb(212, 212, 212); margin: 0px; padding: 7px 5px; font-size: 13px; min-width: 24px; line-height: 2em; vertical-align: top;\">if</td><td style=\"border-color: rgb(212, 212, 212); margin: 0px; padding: 7px 5px; font-size: 13px; line-height: 2em; min-width: 24px; vertical-align: top;\">如果</td></tr><tr style=\"border: 0px; margin: 0px; padding: 0px;\"><td style=\"border-color: rgb(212, 212, 212); margin: 0px; padding: 7px 5px; font-size: 13px; min-width: 24px; line-height: 2em; vertical-align: top;\">instanceof</td><td style=\"border-color: rgb(212, 212, 212); margin: 0px; padding: 7px 5px; font-size: 13px; line-height: 2em; min-width: 24px; vertical-align: top;\">实例</td></tr><tr style=\"border: 0px; margin: 0px; padding: 0px; background-color: rgb(246, 244, 240);\"><td style=\"border-color: rgb(212, 212, 212); margin: 0px; padding: 7px 5px; font-size: 13px; min-width: 24px; line-height: 2em; vertical-align: top;\">return</td><td style=\"border-color: rgb(212, 212, 212); margin: 0px; padding: 7px 5px; font-size: 13px; line-height: 2em; min-width: 24px; vertical-align: top;\">返回</td></tr><tr style=\"border: 0px; margin: 0px; padding: 0px;\"><td style=\"border-color: rgb(212, 212, 212); margin: 0px; padding: 7px 5px; font-size: 13px; min-width: 24px; line-height: 2em; vertical-align: top;\">switch</td><td style=\"border-color: rgb(212, 212, 212); margin: 0px; padding: 7px 5px; font-size: 13px; line-height: 2em; min-width: 24px; vertical-align: top;\">根据值选择执行</td></tr><tr style=\"border: 0px; margin: 0px; padding: 0px; background-color: rgb(246, 244, 240);\"><td style=\"border-color: rgb(212, 212, 212); margin: 0px; padding: 7px 5px; font-size: 13px; min-width: 24px; line-height: 2em; vertical-align: top;\">while</td><td style=\"border-color: rgb(212, 212, 212); margin: 0px; padding: 7px 5px; font-size: 13px; line-height: 2em; min-width: 24px; vertical-align: top;\">循环</td></tr><tr style=\"border: 0px; margin: 0px; padding: 0px;\"><td rowspan=\"6\" align=\"center\" style=\"border-color: rgb(212, 212, 212); margin: 0px; padding: 7px 5px; font-size: 13px; min-width: 24px; line-height: 2em; vertical-align: top;\">错误处理</td><td style=\"border-color: rgb(212, 212, 212); margin: 0px; padding: 7px 5px; font-size: 13px; line-height: 2em; min-width: 24px; vertical-align: top;\">assert</td><td style=\"border-color: rgb(212, 212, 212); margin: 0px; padding: 7px 5px; font-size: 13px; line-height: 2em; min-width: 24px; vertical-align: top;\">断言表达式是否为真</td></tr><tr style=\"border: 0px; margin: 0px; padding: 0px; background-color: rgb(246, 244, 240);\"><td style=\"border-color: rgb(212, 212, 212); margin: 0px; padding: 7px 5px; font-size: 13px; min-width: 24px; line-height: 2em; vertical-align: top;\">catch</td><td style=\"border-color: rgb(212, 212, 212); margin: 0px; padding: 7px 5px; font-size: 13px; line-height: 2em; min-width: 24px; vertical-align: top;\">捕捉异常</td></tr><tr style=\"border: 0px; margin: 0px; padding: 0px;\"><td style=\"border-color: rgb(212, 212, 212); margin: 0px; padding: 7px 5px; font-size: 13px; min-width: 24px; line-height: 2em; vertical-align: top;\">finally</td><td style=\"border-color: rgb(212, 212, 212); margin: 0px; padding: 7px 5px; font-size: 13px; line-height: 2em; min-width: 24px; vertical-align: top;\">有没有异常都执行</td></tr><tr style=\"border: 0px; margin: 0px; padding: 0px; background-color: rgb(246, 244, 240);\"><td style=\"border-color: rgb(212, 212, 212); margin: 0px; padding: 7px 5px; font-size: 13px; min-width: 24px; line-height: 2em; vertical-align: top;\">throw</td><td style=\"border-color: rgb(212, 212, 212); margin: 0px; padding: 7px 5px; font-size: 13px; line-height: 2em; min-width: 24px; vertical-align: top;\">抛出一个异常对象</td></tr><tr style=\"border: 0px; margin: 0px; padding: 0px;\"><td style=\"border-color: rgb(212, 212, 212); margin: 0px; padding: 7px 5px; font-size: 13px; min-width: 24px; line-height: 2em; vertical-align: top;\">throws</td><td style=\"border-color: rgb(212, 212, 212); margin: 0px; padding: 7px 5px; font-size: 13px; line-height: 2em; min-width: 24px; vertical-align: top;\">声明一个异常可能被抛出</td></tr><tr style=\"border: 0px; margin: 0px; padding: 0px; background-color: rgb(246, 244, 240);\"><td style=\"border-color: rgb(212, 212, 212); margin: 0px; padding: 7px 5px; font-size: 13px; min-width: 24px; line-height: 2em; vertical-align: top;\">try</td><td style=\"border-color: rgb(212, 212, 212); margin: 0px; padding: 7px 5px; font-size: 13px; line-height: 2em; min-width: 24px; vertical-align: top;\">捕获异常</td></tr><tr style=\"border: 0px; margin: 0px; padding: 0px;\"><td rowspan=\"2\" align=\"center\" style=\"border-color: rgb(212, 212, 212); margin: 0px; padding: 7px 5px; font-size: 13px; min-width: 24px; line-height: 2em; vertical-align: top;\">包相关</td><td style=\"border-color: rgb(212, 212, 212); margin: 0px; padding: 7px 5px; font-size: 13px; line-height: 2em; min-width: 24px; vertical-align: top;\">import</td><td style=\"border-color: rgb(212, 212, 212); margin: 0px; padding: 7px 5px; font-size: 13px; line-height: 2em; min-width: 24px; vertical-align: top;\">引入</td></tr><tr style=\"border: 0px; margin: 0px; padding: 0px; background-color: rgb(246, 244, 240);\"><td style=\"border-color: rgb(212, 212, 212); margin: 0px; padding: 7px 5px; font-size: 13px; min-width: 24px; line-height: 2em; vertical-align: top;\">package</td><td style=\"border-color: rgb(212, 212, 212); margin: 0px; padding: 7px 5px; font-size: 13px; line-height: 2em; min-width: 24px; vertical-align: top;\">包</td></tr><tr style=\"border: 0px; margin: 0px; padding: 0px;\"><td rowspan=\"8\" align=\"center\" style=\"border-color: rgb(212, 212, 212); margin: 0px; padding: 7px 5px; font-size: 13px; min-width: 24px; line-height: 2em; vertical-align: top;\">基本类型</td><td style=\"border-color: rgb(212, 212, 212); margin: 0px; padding: 7px 5px; font-size: 13px; line-height: 2em; min-width: 24px; vertical-align: top;\">boolean</td><td style=\"border-color: rgb(212, 212, 212); margin: 0px; padding: 7px 5px; font-size: 13px; line-height: 2em; min-width: 24px; vertical-align: top;\">布尔型</td></tr><tr style=\"border: 0px; margin: 0px; padding: 0px; background-color: rgb(246, 244, 240);\"><td style=\"border-color: rgb(212, 212, 212); margin: 0px; padding: 7px 5px; font-size: 13px; min-width: 24px; line-height: 2em; vertical-align: top;\">byte</td><td style=\"border-color: rgb(212, 212, 212); margin: 0px; padding: 7px 5px; font-size: 13px; line-height: 2em; min-width: 24px; vertical-align: top;\">字节型</td></tr><tr style=\"border: 0px; margin: 0px; padding: 0px;\"><td style=\"border-color: rgb(212, 212, 212); margin: 0px; padding: 7px 5px; font-size: 13px; min-width: 24px; line-height: 2em; vertical-align: top;\">char</td><td style=\"border-color: rgb(212, 212, 212); margin: 0px; padding: 7px 5px; font-size: 13px; line-height: 2em; min-width: 24px; vertical-align: top;\">字符型</td></tr><tr style=\"border: 0px; margin: 0px; padding: 0px; background-color: rgb(246, 244, 240);\"><td style=\"border-color: rgb(212, 212, 212); margin: 0px; padding: 7px 5px; font-size: 13px; min-width: 24px; line-height: 2em; vertical-align: top;\">double</td><td style=\"border-color: rgb(212, 212, 212); margin: 0px; padding: 7px 5px; font-size: 13px; line-height: 2em; min-width: 24px; vertical-align: top;\">双精度浮点</td></tr><tr style=\"border: 0px; margin: 0px; padding: 0px;\"><td style=\"border-color: rgb(212, 212, 212); margin: 0px; padding: 7px 5px; font-size: 13px; min-width: 24px; line-height: 2em; vertical-align: top;\">float</td><td style=\"border-color: rgb(212, 212, 212); margin: 0px; padding: 7px 5px; font-size: 13px; line-height: 2em; min-width: 24px; vertical-align: top;\">单精度浮点</td></tr><tr style=\"border: 0px; margin: 0px; padding: 0px; background-color: rgb(246, 244, 240);\"><td style=\"border-color: rgb(212, 212, 212); margin: 0px; padding: 7px 5px; font-size: 13px; min-width: 24px; line-height: 2em; vertical-align: top;\">int</td><td style=\"border-color: rgb(212, 212, 212); margin: 0px; padding: 7px 5px; font-size: 13px; line-height: 2em; min-width: 24px; vertical-align: top;\">整型</td></tr><tr style=\"border: 0px; margin: 0px; padding: 0px;\"><td style=\"border-color: rgb(212, 212, 212); margin: 0px; padding: 7px 5px; font-size: 13px; min-width: 24px; line-height: 2em; vertical-align: top;\">long</td><td style=\"border-color: rgb(212, 212, 212); margin: 0px; padding: 7px 5px; font-size: 13px; line-height: 2em; min-width: 24px; vertical-align: top;\">长整型</td></tr><tr style=\"border: 0px; margin: 0px; padding: 0px; background-color: rgb(246, 244, 240);\"><td style=\"border-color: rgb(212, 212, 212); margin: 0px; padding: 7px 5px; font-size: 13px; min-width: 24px; line-height: 2em; vertical-align: top;\">short</td><td style=\"border-color: rgb(212, 212, 212); margin: 0px; padding: 7px 5px; font-size: 13px; line-height: 2em; min-width: 24px; vertical-align: top;\">短整型</td></tr><tr style=\"border: 0px; margin: 0px; padding: 0px;\"><td rowspan=\"3\" align=\"center\" style=\"border-color: rgb(212, 212, 212); margin: 0px; padding: 7px 5px; font-size: 13px; min-width: 24px; line-height: 2em; vertical-align: top;\">变量引用</td><td style=\"border-color: rgb(212, 212, 212); margin: 0px; padding: 7px 5px; font-size: 13px; line-height: 2em; min-width: 24px; vertical-align: top;\">super</td><td style=\"border-color: rgb(212, 212, 212); margin: 0px; padding: 7px 5px; font-size: 13px; line-height: 2em; min-width: 24px; vertical-align: top;\">父类,超类</td></tr><tr style=\"border: 0px; margin: 0px; padding: 0px; background-color: rgb(246, 244, 240);\"><td style=\"border-color: rgb(212, 212, 212); margin: 0px; padding: 7px 5px; font-size: 13px; min-width: 24px; line-height: 2em; vertical-align: top;\">this</td><td style=\"border-color: rgb(212, 212, 212); margin: 0px; padding: 7px 5px; font-size: 13px; line-height: 2em; min-width: 24px; vertical-align: top;\">本类</td></tr><tr style=\"border: 0px; margin: 0px; padding: 0px;\"><td style=\"border-color: rgb(212, 212, 212); margin: 0px; padding: 7px 5px; font-size: 13px; min-width: 24px; line-height: 2em; vertical-align: top;\">void</td><td style=\"border-color: rgb(212, 212, 212); margin: 0px; padding: 7px 5px; font-size: 13px; line-height: 2em; min-width: 24px; vertical-align: top;\">无返回值</td></tr><tr style=\"border: 0px; margin: 0px; padding: 0px; background-color: rgb(246, 244, 240);\"><td rowspan=\"3\" align=\"center\" style=\"border-color: rgb(212, 212, 212); margin: 0px; padding: 7px 5px; font-size: 13px; min-width: 24px; line-height: 2em; vertical-align: top;\">保留关键字</td><td style=\"border-color: rgb(212, 212, 212); margin: 0px; padding: 7px 5px; font-size: 13px; line-height: 2em; min-width: 24px; vertical-align: top;\">goto</td><td style=\"border-color: rgb(212, 212, 212); margin: 0px; padding: 7px 5px; font-size: 13px; line-height: 2em; min-width: 24px; vertical-align: top;\">是关键字，但不能使用</td></tr><tr style=\"border: 0px; margin: 0px; padding: 0px;\"><td style=\"border-color: rgb(212, 212, 212); margin: 0px; padding: 7px 5px; font-size: 13px; min-width: 24px; line-height: 2em; vertical-align: top;\">const</td><td style=\"border-color: rgb(212, 212, 212); margin: 0px; padding: 7px 5px; font-size: 13px; line-height: 2em; min-width: 24px; vertical-align: top;\">是关键字，但不能使用</td></tr></tbody></table><p style=\"border: 0px; margin-top: 0px; margin-bottom: 0px; padding: 0px; line-height: 2em; overflow-wrap: break-word; word-break: break-all; font-size: 13px;\"><strong style=\"border: 0px; margin: 0px; padding: 0px;\">注意：</strong>Java 的 null 不是关键字，类似于 true 和 false，它是一个字面常量，不允许作为标识符使用。</p><hr style=\"background-color: rgb(212, 212, 212); color: rgb(212, 212, 212); height: 1px; border-top: 0px; clear: both;\"/><h2 style=\"border: 0px; margin: 2px 0px; padding: 0px; font-size: 1.8em; line-height: 1.8em;\">Java注释</h2><p style=\"border: 0px; margin-top: 0px; margin-bottom: 0px; padding: 0px; line-height: 2em; overflow-wrap: break-word; word-break: break-all; font-size: 13px;\">类似于 C/C++、Java 也支持单行以及多行注释。注释中的字符将被 Java 编译器忽略。</p><div class=\"example\" style=\"border: 1px solid rgb(212, 212, 212); margin: 0px 0px 5px; padding: 5px; width: 686.875px; color: rgb(0, 0, 0); background-color: rgb(229, 238, 204); background-image: linear-gradient(rgb(255, 255, 255), rgb(229, 238, 204) 100px);\"><div class=\"example_code\" style=\"border: 1px solid rgb(212, 212, 212); margin: 0px; padding: 5px; line-height: 1.4em; width: 673.138px; background-color: rgb(249, 249, 249); font-size: 13.2px; font-family: Menlo, Monaco, Consolas, &quot;Andale Mono&quot;, &quot;lucida console&quot;, &quot;Courier New&quot;, monospace; word-break: break-all; overflow-wrap: break-word;\"><div class=\"hl-main\" style=\"border: 0px; margin: 0px; padding: 0px; white-space: pre-wrap; word-break: break-all; overflow-wrap: break-word;\"><span class=\"hl-reserved\" style=\"border: 0px; margin: 0px; padding: 0px; color: green;\">public</span><span class=\"hl-code\" style=\"border: 0px; margin: 0px; padding: 0px; color: gray;\"> </span><span class=\"hl-reserved\" style=\"border: 0px; margin: 0px; padding: 0px; color: green;\">class</span><span class=\"hl-code\" style=\"border: 0px; margin: 0px; padding: 0px; color: gray;\"> </span><span class=\"hl-identifier\" style=\"border: 0px; margin: 0px; padding: 0px; color: rgb(0, 85, 170);\">HelloWorld</span><span class=\"hl-code\" style=\"border: 0px; margin: 0px; padding: 0px; color: gray;\"> </span><span class=\"hl-brackets\" style=\"border: 0px; margin: 0px; padding: 0px; color: olive;\">{</span><span class=\"hl-code\" style=\"border: 0px; margin: 0px; padding: 0px; color: gray;\">\r\n &nbsp; </span><span class=\"hl-comment\" style=\"border: 0px; margin: 0px; padding: 0px; color: rgb(170, 85, 0);\">/*</span><span class=\"hl-comment\" style=\"border: 0px; margin: 0px; padding: 0px; color: rgb(170, 85, 0);\"> 这是第一个Java程序\r\n &nbsp; &nbsp;* 它将输出 Hello World\r\n &nbsp; &nbsp;* 这是一个多行注释的示例 &nbsp; &nbsp;</span><span class=\"hl-comment\" style=\"border: 0px; margin: 0px; padding: 0px; color: rgb(170, 85, 0);\">*/</span><span class=\"hl-code\" style=\"border: 0px; margin: 0px; padding: 0px; color: gray;\">\r\n &nbsp; &nbsp;</span><span class=\"hl-reserved\" style=\"border: 0px; margin: 0px; padding: 0px; color: green;\">public</span><span class=\"hl-code\" style=\"border: 0px; margin: 0px; padding: 0px; color: gray;\"> </span><span class=\"hl-types\" style=\"border: 0px; margin: 0px; padding: 0px;\">static</span><span class=\"hl-code\" style=\"border: 0px; margin: 0px; padding: 0px; color: gray;\"> </span><span class=\"hl-types\" style=\"border: 0px; margin: 0px; padding: 0px;\">void</span><span class=\"hl-code\" style=\"border: 0px; margin: 0px; padding: 0px; color: gray;\"> </span><span class=\"hl-identifier\" style=\"border: 0px; margin: 0px; padding: 0px; color: rgb(0, 85, 170);\">main</span><span class=\"hl-brackets\" style=\"border: 0px; margin: 0px; padding: 0px; color: olive;\">(</span><span class=\"hl-identifier\" style=\"border: 0px; margin: 0px; padding: 0px; color: rgb(0, 85, 170);\">String</span><span class=\"hl-brackets\" style=\"border: 0px; margin: 0px; padding: 0px; color: olive;\">[</span><span class=\"hl-brackets\" style=\"border: 0px; margin: 0px; padding: 0px; color: olive;\">]</span><span class=\"hl-code\" style=\"border: 0px; margin: 0px; padding: 0px; color: gray;\"> </span><span class=\"hl-identifier\" style=\"border: 0px; margin: 0px; padding: 0px; color: rgb(0, 85, 170);\">args</span><span class=\"hl-brackets\" style=\"border: 0px; margin: 0px; padding: 0px; color: olive;\">)</span><span class=\"hl-brackets\" style=\"border: 0px; margin: 0px; padding: 0px; color: olive;\">{</span><span class=\"hl-code\" style=\"border: 0px; margin: 0px; padding: 0px; color: gray;\">\r\n &nbsp; &nbsp; &nbsp; </span><span class=\"hl-comment\" style=\"border: 0px; margin: 0px; padding: 0px; color: rgb(170, 85, 0);\">//</span><span class=\"hl-comment\" style=\"border: 0px; margin: 0px; padding: 0px; color: rgb(170, 85, 0);\"> 这是单行注释的示例</span><span class=\"hl-comment\" style=\"border: 0px; margin: 0px; padding: 0px; color: rgb(170, 85, 0);\"></span><span class=\"hl-code\" style=\"border: 0px; margin: 0px; padding: 0px; color: gray;\">\r\n &nbsp; &nbsp; &nbsp; </span><span class=\"hl-comment\" style=\"border: 0px; margin: 0px; padding: 0px; color: rgb(170, 85, 0);\">/*</span><span class=\"hl-comment\" style=\"border: 0px; margin: 0px; padding: 0px; color: rgb(170, 85, 0);\"> 这个也是单行注释的示例 </span><span class=\"hl-comment\" style=\"border: 0px; margin: 0px; padding: 0px; color: rgb(170, 85, 0);\">*/</span><span class=\"hl-code\" style=\"border: 0px; margin: 0px; padding: 0px; color: gray;\">\r\n &nbsp; &nbsp; &nbsp; </span><span class=\"hl-identifier\" style=\"border: 0px; margin: 0px; padding: 0px; color: rgb(0, 85, 170);\">System</span><span class=\"hl-code\" style=\"border: 0px; margin: 0px; padding: 0px; color: gray;\">.</span><span class=\"hl-identifier\" style=\"border: 0px; margin: 0px; padding: 0px; color: rgb(0, 85, 170);\">out</span><span class=\"hl-code\" style=\"border: 0px; margin: 0px; padding: 0px; color: gray;\">.</span><span class=\"hl-identifier\" style=\"border: 0px; margin: 0px; padding: 0px; color: rgb(0, 85, 170);\">println</span><span class=\"hl-brackets\" style=\"border: 0px; margin: 0px; padding: 0px; color: olive;\">(</span><span class=\"hl-quotes\" style=\"border: 0px; margin: 0px; padding: 0px; color: rgb(139, 0, 0);\">&quot;</span><span class=\"hl-string\" style=\"border: 0px; margin: 0px; padding: 0px; color: rgb(170, 17, 17);\">Hello World</span><span class=\"hl-quotes\" style=\"border: 0px; margin: 0px; padding: 0px; color: rgb(139, 0, 0);\">&quot;</span><span class=\"hl-brackets\" style=\"border: 0px; margin: 0px; padding: 0px; color: olive;\">)</span><span class=\"hl-code\" style=\"border: 0px; margin: 0px; padding: 0px; color: gray;\">; \r\n &nbsp; &nbsp;</span><span class=\"hl-brackets\" style=\"border: 0px; margin: 0px; padding: 0px; color: olive;\">}</span><span class=\"hl-code\" style=\"border: 0px; margin: 0px; padding: 0px; color: gray;\"></span><span class=\"hl-brackets\" style=\"border: 0px; margin: 0px; padding: 0px; color: olive;\">}</span></div></div></div><hr style=\"background-color: rgb(212, 212, 212); color: rgb(212, 212, 212); height: 1px; border-top: 0px; clear: both;\"/><h2 style=\"border: 0px; margin: 2px 0px; padding: 0px; font-size: 1.8em; line-height: 1.8em;\">Java 空行</h2><p style=\"border: 0px; margin-top: 0px; margin-bottom: 0px; padding: 0px; line-height: 2em; overflow-wrap: break-word; word-break: break-all; font-size: 13px;\">空白行或者有注释的行，Java 编译器都会忽略掉。</p><hr style=\"background-color: rgb(212, 212, 212); color: rgb(212, 212, 212); height: 1px; border-top: 0px; clear: both;\"/><h2 style=\"border: 0px; margin: 2px 0px; padding: 0px; font-size: 1.8em; line-height: 1.8em;\">继承</h2><p style=\"border: 0px; margin-top: 0px; margin-bottom: 0px; padding: 0px; line-height: 2em; overflow-wrap: break-word; word-break: break-all; font-size: 13px;\">在 Java 中，一个类可以由其他类派生。如果你要创建一个类，而且已经存在一个类具有你所需要的属性或方法，那么你可以将新创建的类继承该类。</p><p style=\"border: 0px; margin-top: 0px; margin-bottom: 0px; padding: 0px; line-height: 2em; overflow-wrap: break-word; word-break: break-all; font-size: 13px;\">利用继承的方法，可以重用已存在类的方法和属性，而不用重写这些代码。被继承的类称为超类（super class），派生类称为子类（sub class）。</p><hr style=\"background-color: rgb(212, 212, 212); color: rgb(212, 212, 212); height: 1px; border-top: 0px; clear: both;\"/><h2 style=\"border: 0px; margin: 2px 0px; padding: 0px; font-size: 1.8em; line-height: 1.8em;\">接口</h2><p style=\"border: 0px; margin-top: 0px; margin-bottom: 0px; padding: 0px; line-height: 2em; overflow-wrap: break-word; word-break: break-all; font-size: 13px;\">在 Java 中，接口可理解为对象间相互通信的协议。接口在继承中扮演着很重要的角色。</p><p style=\"border: 0px; margin-top: 0px; margin-bottom: 0px; padding: 0px; line-height: 2em; overflow-wrap: break-word; word-break: break-all; font-size: 13px;\">接口只定义派生要用到的方法，但是方法的具体实现完全取决于派生类。</p><hr style=\"background-color: rgb(212, 212, 212); color: rgb(212, 212, 212); height: 1px; border-top: 0px; clear: both;\"/><h2 style=\"border: 0px; margin: 2px 0px; padding: 0px; font-size: 1.8em; line-height: 1.8em;\">Java 源程序与编译型运行区别</h2><p style=\"border: 0px; margin-top: 0px; margin-bottom: 0px; padding: 0px; line-height: 2em; overflow-wrap: break-word; word-break: break-all; font-size: 13px;\">如下图所示：</p><p style=\"border: 0px; margin-top: 0px; margin-bottom: 0px; padding: 0px; line-height: 2em; overflow-wrap: break-word; word-break: break-all; font-size: 13px;\"><img decoding=\"async\" src=\"./upload/1671019982123.png\" style=\"border-style: initial; margin: 0px; padding: 0px; max-width: 100%; height: auto;\"/></p><p style=\"border: 0px; margin-top: 0px; margin-bottom: 0px; padding: 0px; line-height: 2em; overflow-wrap: break-word; word-break: break-all; font-size: 13px;\">下一节介绍 Java 编程中的类和对象。之后你将会对 Java 中的类和对象有更清楚的认识。</p></div></div><div class=\"previous-next-links\" style=\"border: 1px solid rgb(231, 234, 241); margin: 0px; padding: 10px 30px; line-height: 24px; overflow: hidden; background: rgb(251, 251, 251); color: rgb(133, 144, 166); font-size: 15px; box-shadow: rgba(0, 37, 55, 0.05) 0px 1px 3px; font-family: &quot;Helvetica Neue&quot;, Helvetica, &quot;PingFang SC&quot;, &quot;Hiragino Sans GB&quot;, &quot;Microsoft YaHei&quot;, &quot;Noto Sans CJK SC&quot;, &quot;WenQuanYi Micro Hei&quot;, Arial, sans-serif; white-space: normal;\"><div class=\"previous-design-link\" style=\"border: 0px; margin: 0px; padding: 0px; float: left;\"><a href=\"https://www.runoob.com/java/java-environment-setup.html\" style=\"border: 0px; margin: 0px; padding: 0px; color: grey; transition-duration: 0.2s; transition-property: opacity;\"><span class=\"fa fa-arrow-left\" aria-hidden=\"true\" style=\"font-size: 16px;\"></span></a></div></div><p><br/></p>', '2022-12-14 20:13:02');

SET FOREIGN_KEY_CHECKS = 1;
